Source,Article URL,Article Section,Publication Date,Headline (Text),Headline Length,Article Word Count,Scrape Date
CBS News,https://www.cbsnews.com/news/sleep-difficult-as-you-age-expert-tips-help/,Health,2025-03-03T11:45:00-0500,Why sleep gets more difficult as you age and expert tips to help,13,499,2025-06-17T20:15:27.354519
CBS News,https://www.cbsnews.com/news/pedro-pascal-look-alike-contest-george-gounta/,Politics,2025-06-17T13:29:38-0400,Meet the NYC dad who won a Pedro Pascal look-alike contest and a year of burritos,16,357,2025-06-17T20:15:30.624391
CBS News,https://www.cbsnews.com/news/nasa-delays-commercial-crew-launch-to-assess-space-station-air-leak/,World,2025-06-12T12:14:26-0400,NASA delays commercial crew launch to assess space station air leak,11,791,2025-06-17T20:15:33.290431
CBS News,https://www.cbsnews.com/news/melissa-hortman-parents-harry-linda-patrick-haluptzok-cbs-news-interview/,Health,2025-06-17T21:28:00-0400,Melissa Hortman's parents speak about slain Minnesota lawmaker and husband in first TV interview,14,949,2025-06-17T20:15:36.023641
CBS News,https://www.cbsnews.com/news/amazon-ceo-generative-ai-corporate-workforce/,U.S.,2025-06-17T17:28:45-0400,Amazon CEO says AI agents will soon reduce company's corporate workforce,11,573,2025-06-17T20:15:38.426957
CBS News,https://www.cbsnews.com/news/measles-cases-fully-vaccinated-3-percent-cdc/,Sports,2025-06-17T13:50:00-0400,"At least 3% of measles cases this year were in people who were fully vaccinated, CDC says",17,715,2025-06-17T20:15:42.390938
CBS News,https://www.cbsnews.com/news/fiona-havers-cdc-covid-hospitalization-data-lead-resigns/,World,2025-06-16T18:05:00-0400,CDC official overseeing COVID hospitalization data resigns after RFK Jr.'s vaccine orders,12,668,2025-06-17T20:15:45.879123
CBS News,https://www.cbsnews.com/news/the-traitors-new-season-alan-cummings/,World,2025-06-17T12:47:00-0400,"Inside the addictive world of ""The Traitors"" and Alan Cumming's viral style",12,517,2025-06-17T20:15:49.035806
CBS News,https://www.cbsnews.com/news/private-japanese-lunar-lander-ispace-moon-far-north-resilience-tenacious/,World,2025-06-05T21:16:00-0400,"In second straight failure, Japanese probe makes mission-ending ""hard"" landing on the moon",13,925,2025-06-17T20:15:51.781280
CBS News,https://www.cbsnews.com/news/desi-arnaz-singer-husband-dad-and-the-man-who-invented-tv/,Entertainment,2025-06-15T10:13:23-0400,"Desi Arnaz: Singer, husband, dad, and the man who ""invented"" TV",11,1467,2025-06-17T20:15:55.444336
CBS News,https://www.cbsnews.com/news/cannabis-cardiovascular-heart-disease-death-risk-study/,U.S.,2025-06-17T18:30:10-0400,"Cannabis use linked to a doubled risk of heart disease death, new study finds",14,370,2025-06-17T20:15:58.872757
CBS News,https://www.cbsnews.com/news/israel-iran-war-fordo-nuclear-site/,Entertainment,2025-06-17T12:58:00-0400,Israel hasn't hit Iran's secretive Fordo nuclear facility yet. Here's why it might.,13,828,2025-06-17T20:16:02.194689
CBS News,https://www.cbsnews.com/news/trump-administration-passport-transgender-ruling/,Entertainment,2025-06-17T22:18:16-0400,Judge blocks Trump administration passport policy targeting transgender people,9,591,2025-06-17T20:16:05.194853
CBS News,https://www.cbsnews.com/news/vance-boelter-melissa-hortman-assassination-tim-walz-connection-minnesota/,Health,2025-06-17T20:38:10-0400,Fact check: Gov. Walz's appointment of Minnesota shooting suspect to advisory board,12,802,2025-06-17T20:16:08.674266
CBS News,https://www.cbsnews.com/news/asian-needle-ants-fatal-sting-multiple-states-what-to-know/,Health,2025-06-10T09:28:00-0400,Asian needle ants with a potentially fatal sting have spread across multiple states. Here's what to know.,17,663,2025-06-17T20:16:12.658444
CBS News,https://www.cbsnews.com/news/captain-cook-endeavour-ship-rhode-island-newport-harbor/,Sports,2025-06-17T12:53:00-0400,Captain Cook's HMS Endeavour confirmed to be in waters off Rhode Island after decades of research,16,445,2025-06-17T20:16:15.346932
CBS News,https://www.cbsnews.com/news/tiktok-ban-delayed-trump-third-extension/,World,2025-06-17T18:30:00-0400,"Trump to sign order extending TikTok deadline another 90 days, White House says",13,814,2025-06-17T20:16:19.302369
CBS News,https://www.cbsnews.com/news/micro-cheating-relationship-advice/,Health,2025-03-12T08:54:00-0400,What is micro-cheating? Relationship experts share what to know and how to prevent it.,14,944,2025-06-17T20:16:22.429639
CBS News,https://www.cbsnews.com/news/trumps-pardons-cost-victims-and-taxpayers-1-3-billion-house-judiciary-committee-democrats-review/,U.S.,2025-06-17T14:03:20-0400,"Trump's pardons cost victims and taxpayers $1.3 billion, House Judiciary Committee Democrats' review says",14,783,2025-06-17T20:16:25.939117
CBS News,https://www.cbsnews.com/news/trump-considers-joining-israel-iran-strikes-nuclear-facilities-fordo/,U.S.,2025-06-17T22:11:42-0400,Trump weighs joining Israel on strikes of Iranian nuclear sites,10,459,2025-06-17T20:16:29.264153
CBS News,https://www.cbsnews.com/news/what-is-balance-bike-benefits-no-training-wheels-kids/,Health,2024-12-05T12:37:44-0500,What is a balance bike? Why some parents are opting for the training wheel-free option for kids,17,523,2025-06-17T20:16:33.167219
CBS News,https://www.cbsnews.com/news/pedro-pascal-look-alike-contest-george-gounta/,MoneyWatch,2025-06-17T13:29:38-0400,Meet the NYC dad who won a Pedro Pascal look-alike contest and a year of burritos,16,357,2025-06-17T20:16:35.993068
CBS News,https://www.cbsnews.com/news/trump-ice-farms-hotels-restaurants/,Politics,2025-06-17T19:51:50-0400,"Trump officials lift short-lived pause on ICE arrests at farms, hotels and restaurants",13,503,2025-06-17T20:16:39.673524
CBS News,https://www.cbsnews.com/news/gop-tax-bill-medicaid-snap-work-requirements-age-64-impact/,Politics,2025-06-17T15:40:37-0400,GOP wants people up to age 64 to work for food stamps and Medicaid. Some experts say it won't work.,20,1490,2025-06-17T20:16:42.544510
CBS News,https://www.cbsnews.com/news/vance-boelter-melissa-hortman-assassination-tim-walz-connection-minnesota/,Sports,2025-06-17T20:38:10-0400,Fact check: Gov. Walz's appointment of Minnesota shooting suspect to advisory board,12,802,2025-06-17T20:16:46.315902
CBS News,https://www.cbsnews.com/news/asian-needle-ants-fatal-sting-multiple-states-what-to-know/,Sports,2025-06-10T09:28:00-0400,Asian needle ants with a potentially fatal sting have spread across multiple states. Here's what to know.,17,663,2025-06-17T20:16:49.436317
CBS News,https://www.cbsnews.com/news/trump-real-end-iran-nuclear-program/,World,2025-06-17T12:47:00-0400,"Trump says he wants ""real end"" to Iran's nuclear program, not just an Iran-Israel ceasefire",15,1552,2025-06-17T20:16:52.297220
CBS News,https://www.cbsnews.com/news/israel-iran-war-fordo-nuclear-site/,Health,2025-06-17T12:58:00-0400,Israel hasn't hit Iran's secretive Fordo nuclear facility yet. Here's why it might.,13,828,2025-06-17T20:16:54.822042
CBS News,https://www.cbsnews.com/news/stock-market-investing-401k-recession-how-to-prepare-for-retirement/,MoneyWatch,2025-03-17T07:31:00-0400,Worried how the stock market could impact your retirement? Here are 3 questions from experts.,15,998,2025-06-17T20:16:58.800929
CBS News,https://www.cbsnews.com/news/purdue-pharma-opioid-settlement-more-states/,U.S.,2025-06-17T12:04:00-0400,$7.4 billion Purdue Pharma opioid settlement backed by dozens of more states,12,498,2025-06-17T20:17:01.246746
CBS News,https://www.cbsnews.com/news/trump-national-guard-los-angeles-deployment-appeals-court/,Politics,2025-06-17T16:57:33-0400,Federal appeals court considers Trump's deployment of National Guard in Los Angeles,12,1334,2025-06-17T20:17:03.983460
CBS News,https://www.cbsnews.com/news/2000-national-guard-troops-deployed-los-angeles-pentagon/,U.S.,2025-06-17T21:27:00-0400,"2,000 more National Guard troops being deployed to Los Angeles, Pentagon says",12,465,2025-06-17T20:17:06.961304
CBS News,https://www.cbsnews.com/news/kristi-noem-dhs-hospital-ambulance/,Politics,2025-06-17T22:25:44-0400,DHS Secretary Kristi Noem brought to hospital due to allergic reaction,11,167,2025-06-17T20:17:09.465648
CBS News,https://www.cbsnews.com/news/trump-war-powers-act-congress-iran-israel/,Politics,2025-06-17T15:34:00-0400,Lawmakers move to limit Trump's war powers as Israel-Iran war escalates,11,824,2025-06-17T20:17:12.440746
CBS News,https://www.cbsnews.com/news/mars-volcano-peeking-through-clouds-new-image-arsia-mons/,World,2025-06-07T11:34:19-0400,Mars volcano twice as big as Earth's tallest one seen poking through clouds in first-of-its-kind image,16,422,2025-06-17T20:17:15.658651
CBS News,https://www.cbsnews.com/news/t-rex-ancestor-dinosaur-missing-link-apex-predators/,Science,2025-06-11T11:00:14-0400,"Newly identified T. rex ancestor is ""missing link"" between apex predators, dinosaur researchers say",14,636,2025-06-17T20:17:18.352250
CBS News,https://www.cbsnews.com/news/r-kelly-hospitalized-overdose-claims-murder-plot-prison/,Politics,2025-06-17T20:56:16-0400,"R. Kelly hospitalized for overdose, claims he is target of murder plot in prison, lawyer says",16,677,2025-06-17T20:17:20.712414
CBS News,https://www.cbsnews.com/news/nasa-evaluating-data-indicating-air-leaks-aboard-space-station-have-been-sealed-off/,Politics,2025-06-14T12:05:17-0400,NASA evaluating data indicating air leaks aboard space station have been sealed off,13,512,2025-06-17T20:17:23.742721
CBS News,https://www.cbsnews.com/news/new-mexico-trout-buck-wildfire-evacuation-state-of-emergency-order/,Politics,2025-06-17T22:12:16-0400,"New Mexico wildfires force evacuations for about 2,000 homes, prompt state of emergency order",14,375,2025-06-17T20:17:27.090121
CBS News,https://www.cbsnews.com/news/israel-iran-war-fordo-nuclear-site/,Sports,2025-06-17T12:58:00-0400,Israel hasn't hit Iran's secretive Fordo nuclear facility yet. Here's why it might.,13,828,2025-06-17T20:17:30.154895
CBS News,https://www.cbsnews.com/news/trump-administration-passport-transgender-ruling/,Sports,2025-06-17T22:18:16-0400,Judge blocks Trump administration passport policy targeting transgender people,9,591,2025-06-17T20:17:33.314527
CBS News,https://www.cbsnews.com/news/amazon-prime-day-2025-july/,Entertainment,2025-06-17T13:36:47-0400,Amazon's Prime Day event will expand to four days this year. Here's what to know.,15,485,2025-06-17T20:17:36.440149
CBS News,https://www.cbsnews.com/news/gop-tax-bill-medicaid-snap-work-requirements-age-64-impact/,MoneyWatch,2025-06-17T15:40:37-0400,GOP wants people up to age 64 to work for food stamps and Medicaid. Some experts say it won't work.,20,1490,2025-06-17T20:17:39.917356
CBS News,https://www.cbsnews.com/news/behind-on-credit-card-payments-what-to-do-within-90-days/,MoneyWatch,2025-06-17T12:24:51-0400,"Behind on credit card payments? Here's what to do at 30, 60 and 90 days",15,648,2025-06-17T20:17:42.937068
CBS News,https://www.cbsnews.com/news/dei-diversity-equity-inclusion-corporate-programs/,MoneyWatch,2025-01-28T17:19:32-0500,"What has DEI — diversity, equity and inclusion — done for U.S. workers and employers?",15,1249,2025-06-17T20:17:45.662830
CBS News,https://www.cbsnews.com/news/mike-lee-tina-smith-minnesota-shootings/,Politics,2025-06-17T19:46:00-0400,"Sen. Tina Smith confronts Sen. Mike Lee over ""cruel"" post on Minnesota lawmaker shootings",14,664,2025-06-17T20:17:48.974087
CBS News,https://www.cbsnews.com/news/nasa-delays-commercial-crew-launch-to-assess-space-station-air-leak/,Politics,2025-06-12T12:14:26-0400,NASA delays commercial crew launch to assess space station air leak,11,791,2025-06-17T20:17:51.654059
CBS News,https://www.cbsnews.com/news/afghan-ally-detained-by-ice-immigration-court/,Health,2025-06-17T18:53:00-0400,Afghan ally detained by ICE after attending immigration court hearing,10,1374,2025-06-17T20:17:54.184183
CBS News,https://www.cbsnews.com/news/gop-tax-bill-medicaid-snap-work-requirements-age-64-impact/,Entertainment,2025-06-17T15:40:37-0400,GOP wants people up to age 64 to work for food stamps and Medicaid. Some experts say it won't work.,20,1490,2025-06-17T20:17:57.197710
CBS News,https://www.cbsnews.com/news/retirement-savings-how-much-do-you-need-magic-number/,MoneyWatch,2025-04-18T16:49:36-0400,How much money do you need to retire? Here's what Americans say is their magic number.,16,741,2025-06-17T20:18:01.131649
CBS News,https://www.cbsnews.com/news/measles-cases-fully-vaccinated-3-percent-cdc/,U.S.,2025-06-17T13:50:00-0400,"At least 3% of measles cases this year were in people who were fully vaccinated, CDC says",17,715,2025-06-17T20:18:04.250481
CBS News,https://www.cbsnews.com/news/fiona-havers-cdc-covid-hospitalization-data-lead-resigns/,Politics,2025-06-16T18:05:00-0400,CDC official overseeing COVID hospitalization data resigns after RFK Jr.'s vaccine orders,12,668,2025-06-17T20:18:07.423829
CBS News,https://www.cbsnews.com/news/the-traitors-new-season-alan-cummings/,Politics,2025-06-17T12:47:00-0400,"Inside the addictive world of ""The Traitors"" and Alan Cumming's viral style",12,517,2025-06-17T20:18:10.620516
CBS News,https://www.cbsnews.com/news/private-japanese-lunar-lander-ispace-moon-far-north-resilience-tenacious/,Politics,2025-06-05T21:16:00-0400,"In second straight failure, Japanese probe makes mission-ending ""hard"" landing on the moon",13,925,2025-06-17T20:18:14.488217
CBS News,https://www.cbsnews.com/news/kristi-noem-dhs-hospital-ambulance/,MoneyWatch,2025-06-17T22:25:44-0400,DHS Secretary Kristi Noem brought to hospital due to allergic reaction,11,167,2025-06-17T20:18:16.847560
CBS News,https://www.cbsnews.com/news/trump-nih-medical-research-grants-judge/,Health,2025-06-17T10:45:44-0400,"Federal judge strikes down Trump cuts to NIH medical research grants linked to diversity, gender",15,557,2025-06-17T20:18:19.183938
CBS News,https://www.cbsnews.com/news/trump-national-guard-los-angeles-deployment-appeals-court/,Entertainment,2025-06-17T16:57:33-0400,Federal appeals court considers Trump's deployment of National Guard in Los Angeles,12,1334,2025-06-17T20:18:22.522804
CBS News,https://www.cbsnews.com/news/new-mexico-trout-buck-wildfire-evacuation-state-of-emergency-order/,MoneyWatch,2025-06-17T22:12:16-0400,"New Mexico wildfires force evacuations for about 2,000 homes, prompt state of emergency order",14,375,2025-06-17T20:18:25.916758
CBS News,https://www.cbsnews.com/news/r-kelly-hospitalized-overdose-claims-murder-plot-prison/,Entertainment,2025-06-17T20:56:16-0400,"R. Kelly hospitalized for overdose, claims he is target of murder plot in prison, lawyer says",16,677,2025-06-17T20:18:29.472648
CBS News,https://www.cbsnews.com/news/tiktok-ban-delayed-trump-third-extension/,Politics,2025-06-17T18:30:00-0400,"Trump to sign order extending TikTok deadline another 90 days, White House says",13,814,2025-06-17T20:18:32.862939
CBS News,https://www.cbsnews.com/news/nasa-evaluating-data-indicating-air-leaks-aboard-space-station-have-been-sealed-off/,Entertainment,2025-06-14T12:05:17-0400,NASA evaluating data indicating air leaks aboard space station have been sealed off,13,512,2025-06-17T20:18:35.688893
CBS News,https://www.cbsnews.com/news/brad-lander-arrested/,Science,2025-06-17T22:28:39-0400,"Brad Lander, NYC comptroller and mayoral candidate, arrested by ICE agents",11,1713,2025-06-17T20:18:39.029649
CBS News,https://www.cbsnews.com/news/amazon-prime-day-2025-july/,Health,2025-06-17T13:36:47-0400,Amazon's Prime Day event will expand to four days this year. Here's what to know.,15,485,2025-06-17T20:18:42.106391
CBS News,https://www.cbsnews.com/news/russia-urkaine-war-kyiv-drone-missile-attack-kills-at-least-14-including-american/,World,2025-06-17T11:16:00-0400,"Russian drone, missile attack on Ukraine kills 15, including an American, and injures scores",14,920,2025-06-17T20:18:44.735213
CBS News,https://www.cbsnews.com/news/when-could-golds-price-hit-4000-what-experts-say/,MoneyWatch,2025-06-17T09:09:51-0400,"When could gold's price hit $4,000? Investing experts weigh in",10,838,2025-06-17T20:18:47.214212
CBS News,https://www.cbsnews.com/news/vance-boelter-melissa-hortman-assassination-tim-walz-connection-minnesota/,U.S.,2025-06-17T20:38:10-0400,Fact check: Gov. Walz's appointment of Minnesota shooting suspect to advisory board,12,802,2025-06-17T20:18:50.510362
CBS News,https://www.cbsnews.com/news/trump-nih-medical-research-grants-judge/,World,2025-06-17T10:45:44-0400,"Federal judge strikes down Trump cuts to NIH medical research grants linked to diversity, gender",15,557,2025-06-17T20:18:54.243355
CBS News,https://www.cbsnews.com/news/asian-needle-ants-fatal-sting-multiple-states-what-to-know/,U.S.,2025-06-10T09:28:00-0400,Asian needle ants with a potentially fatal sting have spread across multiple states. Here's what to know.,17,663,2025-06-17T20:18:58.065511
CBS News,https://www.cbsnews.com/news/the-traitors-new-season-alan-cummings/,MoneyWatch,2025-06-17T12:47:00-0400,"Inside the addictive world of ""The Traitors"" and Alan Cumming's viral style",12,517,2025-06-17T20:19:00.657584
CBS News,https://www.cbsnews.com/news/private-japanese-lunar-lander-ispace-moon-far-north-resilience-tenacious/,MoneyWatch,2025-06-05T21:16:00-0400,"In second straight failure, Japanese probe makes mission-ending ""hard"" landing on the moon",13,925,2025-06-17T20:19:03.469869
CBS News,https://www.cbsnews.com/news/trump-claims-complete-control-iran-skies/,World,2025-06-17T19:16:19-0400,"Trump's claim about ""control of the skies over Iran"" raises questions about U.S. involvement in conflict",16,731,2025-06-17T20:19:06.761006
CBS News,https://www.cbsnews.com/news/nasa-delays-commercial-crew-launch-to-assess-space-station-air-leak/,Entertainment,2025-06-12T12:14:26-0400,NASA delays commercial crew launch to assess space station air leak,11,791,2025-06-17T20:19:09.427180
CBS News,https://www.cbsnews.com/news/trump-real-end-iran-nuclear-program/,Politics,2025-06-17T12:47:00-0400,"Trump says he wants ""real end"" to Iran's nuclear program, not just an Iran-Israel ceasefire",15,1552,2025-06-17T20:19:12.103653
CBS News,https://www.cbsnews.com/news/the-traitors-new-season-alan-cummings/,Entertainment,2025-06-17T12:47:00-0400,"Inside the addictive world of ""The Traitors"" and Alan Cumming's viral style",12,517,2025-06-17T20:19:14.761825
CBS News,https://www.cbsnews.com/news/fiona-havers-cdc-covid-hospitalization-data-lead-resigns/,Entertainment,2025-06-16T18:05:00-0400,CDC official overseeing COVID hospitalization data resigns after RFK Jr.'s vaccine orders,12,668,2025-06-17T20:19:17.594496
CBS News,https://www.cbsnews.com/news/amazon-prime-day-2025-july/,Sports,2025-06-17T13:36:47-0400,Amazon's Prime Day event will expand to four days this year. Here's what to know.,15,485,2025-06-17T20:19:20.835971
CBS News,https://www.cbsnews.com/news/meta-concerned-iran-telling-citizens-stop-using-whatsapp/,Entertainment,2025-06-17T20:26:07-0400,"Meta 'concerned' by Iran telling citizens to stop using WhatsApp, spokesperson says",12,544,2025-06-17T20:19:24.930637
CBS News,https://www.cbsnews.com/news/mars-volcano-peeking-through-clouds-new-image-arsia-mons/,Politics,2025-06-07T11:34:19-0400,Mars volcano twice as big as Earth's tallest one seen poking through clouds in first-of-its-kind image,16,422,2025-06-17T20:19:27.795668
CBS News,https://www.cbsnews.com/news/tiktok-ban-delayed-trump-third-extension/,MoneyWatch,2025-06-17T18:30:00-0400,"Trump to sign order extending TikTok deadline another 90 days, White House says",13,814,2025-06-17T20:19:31.691538
CBS News,https://www.cbsnews.com/news/gop-tax-bill-medicaid-snap-work-requirements-age-64-impact/,Sports,2025-06-17T15:40:37-0400,GOP wants people up to age 64 to work for food stamps and Medicaid. Some experts say it won't work.,20,1490,2025-06-17T20:19:34.968028
CBS News,https://www.cbsnews.com/news/t-rex-ancestor-dinosaur-missing-link-apex-predators/,World,2025-06-11T11:00:14-0400,"Newly identified T. rex ancestor is ""missing link"" between apex predators, dinosaur researchers say",14,636,2025-06-17T20:19:37.943787
CBS News,https://www.cbsnews.com/news/will-the-price-of-gold-hit-new-high-this-week-june-2025/,MoneyWatch,2025-06-12T13:29:30-0400,Will the price of gold hit a new high this week?,11,714,2025-06-17T20:19:41.292826
CBS News,https://www.cbsnews.com/news/israel-iran-war-fordo-nuclear-site/,U.S.,2025-06-17T12:58:00-0400,Israel hasn't hit Iran's secretive Fordo nuclear facility yet. Here's why it might.,13,828,2025-06-17T20:19:43.828458
CBS News,https://www.cbsnews.com/news/trump-administration-passport-transgender-ruling/,U.S.,2025-06-17T22:18:16-0400,Judge blocks Trump administration passport policy targeting transgender people,9,591,2025-06-17T20:19:47.396283
CBS News,https://www.cbsnews.com/news/new-mexico-trout-buck-wildfire-evacuation-state-of-emergency-order/,Science,2025-06-17T22:12:16-0400,"New Mexico wildfires force evacuations for about 2,000 homes, prompt state of emergency order",14,375,2025-06-17T20:19:50.293936
CBS News,https://www.cbsnews.com/news/trump-national-guard-los-angeles-deployment-appeals-court/,Sports,2025-06-17T16:57:33-0400,Federal appeals court considers Trump's deployment of National Guard in Los Angeles,12,1334,2025-06-17T20:19:53.594097
CBS News,https://www.cbsnews.com/news/amazon-ceo-generative-ai-corporate-workforce/,Health,2025-06-17T17:28:45-0400,Amazon CEO says AI agents will soon reduce company's corporate workforce,11,573,2025-06-17T20:19:56.720931
CBS News,https://www.cbsnews.com/news/r-kelly-hospitalized-overdose-claims-murder-plot-prison/,Sports,2025-06-17T20:56:16-0400,"R. Kelly hospitalized for overdose, claims he is target of murder plot in prison, lawyer says",16,677,2025-06-17T20:19:59.016391
CBS News,https://www.cbsnews.com/news/trump-real-end-iran-nuclear-program/,MoneyWatch,2025-06-17T12:47:00-0400,"Trump says he wants ""real end"" to Iran's nuclear program, not just an Iran-Israel ceasefire",15,1552,2025-06-17T20:20:01.584227
CBS News,https://www.cbsnews.com/news/nasa-evaluating-data-indicating-air-leaks-aboard-space-station-have-been-sealed-off/,Sports,2025-06-14T12:05:17-0400,NASA evaluating data indicating air leaks aboard space station have been sealed off,13,512,2025-06-17T20:20:03.739873
CBS News,https://www.cbsnews.com/news/abortion-laws-judge-rules-employers-time-off-accommodations/,MoneyWatch,2025-05-21T17:35:58-0400,Judge scraps federal rules requiring employers to give workers time off for abortions,13,892,2025-06-17T20:20:06.951625
CBS News,https://www.cbsnews.com/news/mike-lee-tina-smith-minnesota-shootings/,Science,2025-06-17T19:46:00-0400,"Sen. Tina Smith confronts Sen. Mike Lee over ""cruel"" post on Minnesota lawmaker shootings",14,664,2025-06-17T20:20:10.275194
CBS News,https://www.cbsnews.com/news/trump-administration-threatens-california-with-legal-action-over-transgender-athletes/,Sports,2025-06-03T16:55:00-0400,Trump administration threatens California with legal action over transgender athletes,10,668,2025-06-17T20:20:14.285830
CBS News,https://www.cbsnews.com/news/4000-employees-took-fork-in-road-justice-dept-more-cuts-coming/,Politics,2025-06-17T19:50:48-0400,"4,000 employees took ""fork in the road"" at Justice Dept., with more cuts to come",15,878,2025-06-17T20:20:17.125342
CBS News,https://www.cbsnews.com/news/meta-concerned-iran-telling-citizens-stop-using-whatsapp/,Health,2025-06-17T20:26:07-0400,"Meta 'concerned' by Iran telling citizens to stop using WhatsApp, spokesperson says",12,544,2025-06-17T20:20:20.440264
CBS News,https://www.cbsnews.com/news/anne-burrell-food-network-star-dies/,Science,2025-06-17T19:16:00-0400,"Anne Burrell, Food Network star, dies at 55",8,467,2025-06-17T20:20:23.476531
CBS News,https://www.cbsnews.com/news/mars-volcano-peeking-through-clouds-new-image-arsia-mons/,MoneyWatch,2025-06-07T11:34:19-0400,Mars volcano twice as big as Earth's tallest one seen poking through clouds in first-of-its-kind image,16,422,2025-06-17T20:20:26.298353
CBS News,https://www.cbsnews.com/news/private-japanese-lunar-lander-ispace-moon-far-north-resilience-tenacious/,Science,2025-06-05T21:16:00-0400,"In second straight failure, Japanese probe makes mission-ending ""hard"" landing on the moon",13,925,2025-06-17T20:20:29.254351
CBS News,https://www.cbsnews.com/news/nasa-delays-commercial-crew-launch-to-assess-space-station-air-leak/,Sports,2025-06-12T12:14:26-0400,NASA delays commercial crew launch to assess space station air leak,11,791,2025-06-17T20:20:31.860399
CBS News,https://www.cbsnews.com/news/trump-considers-joining-israel-iran-strikes-nuclear-facilities-fordo/,Health,2025-06-17T22:11:42-0400,Trump weighs joining Israel on strikes of Iranian nuclear sites,10,459,2025-06-17T20:20:35.560754
CBS News,https://www.cbsnews.com/news/fiona-havers-cdc-covid-hospitalization-data-lead-resigns/,Sports,2025-06-16T18:05:00-0400,CDC official overseeing COVID hospitalization data resigns after RFK Jr.'s vaccine orders,12,668,2025-06-17T20:20:38.242867
CBS News,https://www.cbsnews.com/news/the-traitors-new-season-alan-cummings/,Sports,2025-06-17T12:47:00-0400,"Inside the addictive world of ""The Traitors"" and Alan Cumming's viral style",12,517,2025-06-17T20:20:41.343806
CBS News,https://www.cbsnews.com/news/us-steel-golden-share-trump-approval-relocation-jobs-nippon/,MoneyWatch,2025-06-17T11:19:47-0400,"U.S. Steel-Nippon deal includes ""golden share"" giving Trump power to approve big corporate changes",14,682,2025-06-17T20:20:44.605651
CBS News,https://www.cbsnews.com/news/cannabis-cardiovascular-heart-disease-death-risk-study/,World,2025-06-17T18:30:10-0400,"Cannabis use linked to a doubled risk of heart disease death, new study finds",14,370,2025-06-17T20:20:47.209191
CBS News,https://www.cbsnews.com/news/tiktok-ban-delayed-trump-third-extension/,Science,2025-06-17T18:30:00-0400,"Trump to sign order extending TikTok deadline another 90 days, White House says",13,814,2025-06-17T20:20:49.774780
CBS News,https://www.cbsnews.com/news/brad-lander-arrested/,World,2025-06-17T22:28:39-0400,"Brad Lander, NYC comptroller and mayoral candidate, arrested by ICE agents",11,1713,2025-06-17T20:20:52.674555
CBS News,https://www.cbsnews.com/news/meta-concerned-iran-telling-citizens-stop-using-whatsapp/,Sports,2025-06-17T20:26:07-0400,"Meta 'concerned' by Iran telling citizens to stop using WhatsApp, spokesperson says",12,544,2025-06-17T20:20:55.841195
CBS News,https://www.cbsnews.com/news/supreme-court-financial-disclosures-2024/,Politics,2025-06-17T13:03:19-0400,See what's in the Supreme Court justices' annual financial disclosure reports,11,603,2025-06-17T20:20:59.044021
CBS News,https://www.cbsnews.com/news/melissa-hortman-parents-harry-linda-patrick-haluptzok-cbs-news-interview/,Science,2025-06-17T21:28:00-0400,Melissa Hortman's parents speak about slain Minnesota lawmaker and husband in first TV interview,14,949,2025-06-17T20:21:02.338268
CBS News,https://www.cbsnews.com/news/trump-nih-medical-research-grants-judge/,Politics,2025-06-17T10:45:44-0400,"Federal judge strikes down Trump cuts to NIH medical research grants linked to diversity, gender",15,557,2025-06-17T20:21:05.676887
CBS News,https://www.cbsnews.com/news/florida-panthers-edmonton-oilers-game-6-stanley-cup/,Sports,2025-06-17T22:48:59-0400,Panthers repeat as Stanley Cup Champions with 5-1 Game 6 win over Oilers,13,384,2025-06-17T20:21:08.887077
CBS News,https://www.cbsnews.com/news/trump-claims-complete-control-iran-skies/,Politics,2025-06-17T19:16:19-0400,"Trump's claim about ""control of the skies over Iran"" raises questions about U.S. involvement in conflict",16,731,2025-06-17T20:21:12.957493
CBS News,https://www.cbsnews.com/news/purdue-pharma-opioid-settlement-more-states/,Health,2025-06-17T12:04:00-0400,$7.4 billion Purdue Pharma opioid settlement backed by dozens of more states,12,498,2025-06-17T20:21:16.045344
CBS News,https://www.cbsnews.com/news/ai-jobs-chatgpt-college-graduate-work/,MoneyWatch,2025-06-06T16:42:22-0400,Experts offer advice to new college grads on entering the workforce in the age of AI,16,1032,2025-06-17T20:21:18.475691
CBS News,https://www.cbsnews.com/news/syphilis-rising-across-us-navajo-nation/,Health,2025-04-01T18:31:00-0400,Syphilis is rising across the U.S. Here's how one Indigenous community is leading the fight against infections.,17,571,2025-06-17T20:21:21.157047
CBS News,https://www.cbsnews.com/news/vance-boelter-melissa-hortman-assassination-tim-walz-connection-minnesota/,Science,2025-06-17T20:38:10-0400,Fact check: Gov. Walz's appointment of Minnesota shooting suspect to advisory board,12,802,2025-06-17T20:21:24.422883
CBS News,https://www.cbsnews.com/news/couch-disrupted-sleep-expert-tips/,Health,2025-01-27T13:11:17-0500,Snoozing on the couch can disrupt your sleep. These expert tips can help.,13,500,2025-06-17T20:21:27.625474
CBS News,https://www.cbsnews.com/news/amazon-prime-day-2025-july/,U.S.,2025-06-17T13:36:47-0400,Amazon's Prime Day event will expand to four days this year. Here's what to know.,15,485,2025-06-17T20:21:30.283682
CBS News,https://www.cbsnews.com/news/asian-needle-ants-fatal-sting-multiple-states-what-to-know/,Science,2025-06-10T09:28:00-0400,Asian needle ants with a potentially fatal sting have spread across multiple states. Here's what to know.,17,663,2025-06-17T20:21:33.135565
CBS News,https://www.cbsnews.com/news/captain-cook-endeavour-ship-rhode-island-newport-harbor/,Entertainment,2025-06-17T12:53:00-0400,Captain Cook's HMS Endeavour confirmed to be in waters off Rhode Island after decades of research,16,445,2025-06-17T20:21:37.186804
CBS News,https://www.cbsnews.com/news/gop-tax-bill-medicaid-snap-work-requirements-age-64-impact/,U.S.,2025-06-17T15:40:37-0400,GOP wants people up to age 64 to work for food stamps and Medicaid. Some experts say it won't work.,20,1490,2025-06-17T20:21:39.378145
CBS News,https://www.cbsnews.com/news/afghan-ally-detained-by-ice-immigration-court/,MoneyWatch,2025-06-17T18:53:00-0400,Afghan ally detained by ICE after attending immigration court hearing,10,1374,2025-06-17T20:21:42.953408
CBS News,https://www.cbsnews.com/news/t-rex-ancestor-dinosaur-missing-link-apex-predators/,Politics,2025-06-11T11:00:14-0400,"Newly identified T. rex ancestor is ""missing link"" between apex predators, dinosaur researchers say",14,636,2025-06-17T20:21:45.835235
CBS News,https://www.cbsnews.com/news/mars-volcano-peeking-through-clouds-new-image-arsia-mons/,Science,2025-06-07T11:34:19-0400,Mars volcano twice as big as Earth's tallest one seen poking through clouds in first-of-its-kind image,16,422,2025-06-17T20:21:48.710544
CBS News,https://www.cbsnews.com/news/air-india-plane-crash-investigators-find-boeing-787-second-black-box/,World,2025-06-16T12:14:00-0400,"Air India plane crash investigators find Boeing 787's 2nd ""black box"" as search for cause continues",16,615,2025-06-17T20:21:51.713404
CBS News,https://www.cbsnews.com/news/trump-g7-canada-trade-tensions-middle-east/,World,2025-06-16T17:43:36-0400,"Trump attends G7 in Canada amid trade tensions, weighs in on Israel-Iran conflict",13,866,2025-06-17T20:21:54.973770
CBS News,https://www.cbsnews.com/news/trump-national-guard-los-angeles-deployment-appeals-court/,U.S.,2025-06-17T16:57:33-0400,Federal appeals court considers Trump's deployment of National Guard in Los Angeles,12,1334,2025-06-17T20:21:58.048511
CBS News,https://www.cbsnews.com/news/2000-national-guard-troops-deployed-los-angeles-pentagon/,World,2025-06-17T21:27:00-0400,"2,000 more National Guard troops being deployed to Los Angeles, Pentagon says",12,465,2025-06-17T20:22:01.602256
CBS News,https://www.cbsnews.com/news/trump-nih-medical-research-grants-judge/,MoneyWatch,2025-06-17T10:45:44-0400,"Federal judge strikes down Trump cuts to NIH medical research grants linked to diversity, gender",15,557,2025-06-17T20:22:04.858634
CBS News,https://www.cbsnews.com/news/supreme-court-trump-tariffs-toy-companies/,U.S.,2025-06-17T17:03:56-0400,Toy companies ask Supreme Court to swiftly take up challenge to Trump's tariffs,13,780,2025-06-17T20:22:07.876851
CBS News,https://www.cbsnews.com/news/new-mexico-trout-buck-wildfire-evacuation-state-of-emergency-order/,World,2025-06-17T22:12:16-0400,"New Mexico wildfires force evacuations for about 2,000 homes, prompt state of emergency order",14,375,2025-06-17T20:22:10.992971
CBS News,https://www.cbsnews.com/news/trump-claims-complete-control-iran-skies/,MoneyWatch,2025-06-17T19:16:19-0400,"Trump's claim about ""control of the skies over Iran"" raises questions about U.S. involvement in conflict",16,731,2025-06-17T20:22:13.862478
CBS News,https://www.cbsnews.com/news/r-kelly-hospitalized-overdose-claims-murder-plot-prison/,U.S.,2025-06-17T20:56:16-0400,"R. Kelly hospitalized for overdose, claims he is target of murder plot in prison, lawyer says",16,677,2025-06-17T20:22:16.921468
CBS News,https://www.cbsnews.com/news/nasa-evaluating-data-indicating-air-leaks-aboard-space-station-have-been-sealed-off/,U.S.,2025-06-14T12:05:17-0400,NASA evaluating data indicating air leaks aboard space station have been sealed off,13,512,2025-06-17T20:22:20.827709
CBS News,https://www.cbsnews.com/news/captain-cook-endeavour-ship-rhode-island-newport-harbor/,Health,2025-06-17T12:53:00-0400,Captain Cook's HMS Endeavour confirmed to be in waters off Rhode Island after decades of research,16,445,2025-06-17T20:22:23.943706
CBS News,https://www.cbsnews.com/news/mike-lee-tina-smith-minnesota-shootings/,World,2025-06-17T19:46:00-0400,"Sen. Tina Smith confronts Sen. Mike Lee over ""cruel"" post on Minnesota lawmaker shootings",14,664,2025-06-17T20:22:27.221897
CBS News,https://www.cbsnews.com/news/t-rex-ancestor-dinosaur-missing-link-apex-predators/,MoneyWatch,2025-06-11T11:00:14-0400,"Newly identified T. rex ancestor is ""missing link"" between apex predators, dinosaur researchers say",14,636,2025-06-17T20:22:30.916070
CBS News,https://www.cbsnews.com/news/anne-burrell-food-network-star-dies/,World,2025-06-17T19:16:00-0400,"Anne Burrell, Food Network star, dies at 55",8,467,2025-06-17T20:22:33.652085
CBS News,https://www.cbsnews.com/news/nasa-delays-commercial-crew-launch-to-assess-space-station-air-leak/,U.S.,2025-06-12T12:14:26-0400,NASA delays commercial crew launch to assess space station air leak,11,791,2025-06-17T20:22:36.537750
CBS News,https://www.cbsnews.com/news/measles-cases-fully-vaccinated-3-percent-cdc/,World,2025-06-17T13:50:00-0400,"At least 3% of measles cases this year were in people who were fully vaccinated, CDC says",17,715,2025-06-17T20:22:39.889702
CBS News,https://www.cbsnews.com/news/t-rex-ancestor-dinosaur-missing-link-apex-predators/,Entertainment,2025-06-11T11:00:14-0400,"Newly identified T. rex ancestor is ""missing link"" between apex predators, dinosaur researchers say",14,636,2025-06-17T20:22:42.840682
CBS News,https://www.cbsnews.com/news/fiona-havers-cdc-covid-hospitalization-data-lead-resigns/,U.S.,2025-06-16T18:05:00-0400,CDC official overseeing COVID hospitalization data resigns after RFK Jr.'s vaccine orders,12,668,2025-06-17T20:22:45.976253
CBS News,https://www.cbsnews.com/news/the-traitors-new-season-alan-cummings/,U.S.,2025-06-17T12:47:00-0400,"Inside the addictive world of ""The Traitors"" and Alan Cumming's viral style",12,517,2025-06-17T20:22:49.381886
CBS News,https://www.cbsnews.com/news/consumer-reports-2025-best-sunscreens/,Health,2025-06-16T12:33:00-0400,"Consumer Reports finds best sunscreens to protect your skin: ""There's no sunscreen season""",13,338,2025-06-17T20:22:52.248852
CBS News,https://www.cbsnews.com/news/cannabis-cardiovascular-heart-disease-death-risk-study/,Politics,2025-06-17T18:30:10-0400,"Cannabis use linked to a doubled risk of heart disease death, new study finds",14,370,2025-06-17T20:22:55.064400
CBS News,https://www.cbsnews.com/news/meta-concerned-iran-telling-citizens-stop-using-whatsapp/,U.S.,2025-06-17T20:26:07-0400,"Meta 'concerned' by Iran telling citizens to stop using WhatsApp, spokesperson says",12,544,2025-06-17T20:22:58.488178
CBS News,https://www.cbsnews.com/news/brad-lander-arrested/,Politics,2025-06-17T22:28:39-0400,"Brad Lander, NYC comptroller and mayoral candidate, arrested by ICE agents",11,1713,2025-06-17T20:23:01.848666
CBS News,https://www.cbsnews.com/news/matthew-perry-friends-death-doctor-ketamine-plead-guilty/,Entertainment,2025-06-17T09:13:18-0400,"Doctor charged with giving Matthew Perry ketamine before ""Friends"" star's death will plead guilty",14,770,2025-06-17T20:23:05.502683
CBS News,https://www.cbsnews.com/news/afghan-ally-detained-by-ice-immigration-court/,Science,2025-06-17T18:53:00-0400,Afghan ally detained by ICE after attending immigration court hearing,10,1374,2025-06-17T20:23:08.935952
CBS News,https://www.cbsnews.com/news/melissa-hortman-parents-harry-linda-patrick-haluptzok-cbs-news-interview/,World,2025-06-17T21:28:00-0400,Melissa Hortman's parents speak about slain Minnesota lawmaker and husband in first TV interview,14,949,2025-06-17T20:23:11.776185
CBS News,https://www.cbsnews.com/news/senate-vote-genius-act-crypto-stablecoin-bill/,MoneyWatch,2025-06-17T17:50:16-0400,Senate passes landmark crypto regulation bill with bipartisan support,9,721,2025-06-17T20:23:15.706477
CBS News,https://www.cbsnews.com/news/trump-nih-medical-research-grants-judge/,Science,2025-06-17T10:45:44-0400,"Federal judge strikes down Trump cuts to NIH medical research grants linked to diversity, gender",15,557,2025-06-17T20:23:18.841665
CBS News,https://www.cbsnews.com/news/trumps-pardons-cost-victims-and-taxpayers-1-3-billion-house-judiciary-committee-democrats-review/,Politics,2025-06-17T14:03:20-0400,"Trump's pardons cost victims and taxpayers $1.3 billion, House Judiciary Committee Democrats' review says",14,783,2025-06-17T20:23:22.085889
CBS News,https://www.cbsnews.com/news/trump-considers-joining-israel-iran-strikes-nuclear-facilities-fordo/,Politics,2025-06-17T22:11:42-0400,Trump weighs joining Israel on strikes of Iranian nuclear sites,10,459,2025-06-17T20:23:25.778646
CBS News,https://www.cbsnews.com/news/trump-claims-complete-control-iran-skies/,Science,2025-06-17T19:16:19-0400,"Trump's claim about ""control of the skies over Iran"" raises questions about U.S. involvement in conflict",16,731,2025-06-17T20:23:29.879670
CBS News,https://www.cbsnews.com/news/vance-boelter-melissa-hortman-assassination-tim-walz-connection-minnesota/,World,2025-06-17T20:38:10-0400,Fact check: Gov. Walz's appointment of Minnesota shooting suspect to advisory board,12,802,2025-06-17T20:23:33.886594
CBS News,https://www.cbsnews.com/news/pedro-pascal-look-alike-contest-george-gounta/,Entertainment,2025-06-17T13:29:38-0400,Meet the NYC dad who won a Pedro Pascal look-alike contest and a year of burritos,16,357,2025-06-17T20:23:37.107561
CBS News,https://www.cbsnews.com/news/asian-needle-ants-fatal-sting-multiple-states-what-to-know/,World,2025-06-10T09:28:00-0400,Asian needle ants with a potentially fatal sting have spread across multiple states. Here's what to know.,17,663,2025-06-17T20:23:39.992127
CBS News,https://www.cbsnews.com/news/amazon-ceo-generative-ai-corporate-workforce/,MoneyWatch,2025-06-17T17:28:45-0400,Amazon CEO says AI agents will soon reduce company's corporate workforce,11,573,2025-06-17T20:23:43.164358
CBS News,https://www.cbsnews.com/news/amazon-prime-day-2025-july/,Science,2025-06-17T13:36:47-0400,Amazon's Prime Day event will expand to four days this year. Here's what to know.,15,485,2025-06-17T20:23:47.064353
CBS News,https://www.cbsnews.com/news/trump-administration-passport-transgender-ruling/,Health,2025-06-17T22:18:16-0400,Judge blocks Trump administration passport policy targeting transgender people,9,591,2025-06-17T20:23:50.214317
CBS News,https://www.cbsnews.com/news/cannabis-cardiovascular-heart-disease-death-risk-study/,MoneyWatch,2025-06-17T18:30:10-0400,"Cannabis use linked to a doubled risk of heart disease death, new study finds",14,370,2025-06-17T20:23:53.436887
CBS News,https://www.cbsnews.com/news/jomboy-medias-podcast-mlb-partner/,Sports,2025-06-17T12:53:14-0400,A look at Jomboy Media's rise from podcast to MLB partner,11,439,2025-06-17T20:23:56.348171
CBS News,https://www.cbsnews.com/news/2000-national-guard-troops-deployed-los-angeles-pentagon/,Politics,2025-06-17T21:27:00-0400,"2,000 more National Guard troops being deployed to Los Angeles, Pentagon says",12,465,2025-06-17T20:24:00.038058
CBS News,https://www.cbsnews.com/news/michael-rubin-and-comedian-tiffany-haddish-fanatics-games/,Sports,2025-05-27T12:58:34-0400,Michael Rubin and comedian Tiffany Haddish reveal what's in store for Fanatics Games,13,302,2025-06-17T20:24:03.885276
CBS News,https://www.cbsnews.com/news/tomato-recall-salmonella-fda/,Health,2025-06-04T10:13:50-0400,Tomato recall affecting multiple states elevated to highest risk warning by FDA,12,295,2025-06-17T20:24:06.608873
CBS News,https://www.cbsnews.com/news/pete-rose-shoeless-joe-jackson-reinstated-mlb-hall-of-fame-eligible/,Sports,2025-05-13T22:27:43-0400,"Pete Rose, ""Shoeless"" Joe Jackson and others reinstated by MLB, now eligible for Hall of Fame",16,1386,2025-06-17T20:24:09.767382
CBS News,https://www.cbsnews.com/news/t-rex-ancestor-dinosaur-missing-link-apex-predators/,Sports,2025-06-11T11:00:14-0400,"Newly identified T. rex ancestor is ""missing link"" between apex predators, dinosaur researchers say",14,636,2025-06-17T20:24:12.611024
CBS News,https://www.cbsnews.com/news/israel-iran-ayatollah-ali-khamenei-regime-change-what-it-would-mean/,World,2025-06-17T12:47:00-0400,"Would Israel try to kill Iran's Ayatollah Ali Khamenei, and what would it mean for the region?",17,1413,2025-06-17T20:24:15.670628
CBS News,https://www.cbsnews.com/news/fear-of-flying-airplane-tips-experts/,Health,2025-02-20T18:02:57-0500,Plane crashes can spark fear of flying. Here are tips to help you cope and ease airplane anxiety.,18,1158,2025-06-17T20:24:19.043214
CBS News,https://www.cbsnews.com/news/trump-considers-joining-israel-iran-strikes-nuclear-facilities-fordo/,MoneyWatch,2025-06-17T22:11:42-0400,Trump weighs joining Israel on strikes of Iranian nuclear sites,10,459,2025-06-17T20:24:22.295602
CBS News,https://www.cbsnews.com/news/israel-iran-war-fordo-nuclear-site/,World,2025-06-17T12:58:00-0400,Israel hasn't hit Iran's secretive Fordo nuclear facility yet. Here's why it might.,13,828,2025-06-17T20:24:25.414723
CBS News,https://www.cbsnews.com/news/pedro-pascal-look-alike-contest-george-gounta/,Health,2025-06-17T13:29:38-0400,Meet the NYC dad who won a Pedro Pascal look-alike contest and a year of burritos,16,357,2025-06-17T20:24:29.114298
CBS News,https://www.cbsnews.com/news/fluke-discovery-planetarium-oort-cloud-american-museum-natural-history/,Science,2025-06-04T06:18:00-0400,"Fluke discovery at planetarium leads to revelation about mysterious cosmic cloud: ""It's kind of a freak accident""",17,547,2025-06-17T20:24:32.094450
CBS News,https://www.cbsnews.com/news/anne-burrell-food-network-star-dies/,Politics,2025-06-17T19:16:00-0400,"Anne Burrell, Food Network star, dies at 55",8,467,2025-06-17T20:24:34.595883
CBS News,https://www.cbsnews.com/news/measles-cases-fully-vaccinated-3-percent-cdc/,Politics,2025-06-17T13:50:00-0400,"At least 3% of measles cases this year were in people who were fully vaccinated, CDC says",17,715,2025-06-17T20:24:37.341136
CBS News,https://www.cbsnews.com/news/purdue-pharma-opioid-settlement-more-states/,MoneyWatch,2025-06-17T12:04:00-0400,$7.4 billion Purdue Pharma opioid settlement backed by dozens of more states,12,498,2025-06-17T20:24:40.817871
CBS News,https://www.cbsnews.com/news/4000-employees-took-fork-in-road-justice-dept-more-cuts-coming/,U.S.,2025-06-17T19:50:48-0400,"4,000 employees took ""fork in the road"" at Justice Dept., with more cuts to come",15,878,2025-06-17T20:24:44.339913
CBS News,https://www.cbsnews.com/news/2000-national-guard-troops-deployed-los-angeles-pentagon/,MoneyWatch,2025-06-17T21:27:00-0400,"2,000 more National Guard troops being deployed to Los Angeles, Pentagon says",12,465,2025-06-17T20:24:47.003556
CBS News,https://www.cbsnews.com/news/amazon-ceo-generative-ai-corporate-workforce/,Science,2025-06-17T17:28:45-0400,Amazon CEO says AI agents will soon reduce company's corporate workforce,11,573,2025-06-17T20:24:50.391192
CBS News,https://www.cbsnews.com/news/kristi-noem-dhs-hospital-ambulance/,Entertainment,2025-06-17T22:25:44-0400,DHS Secretary Kristi Noem brought to hospital due to allergic reaction,11,167,2025-06-17T20:24:53.374105
CBS News,https://www.cbsnews.com/news/captain-cook-endeavour-ship-rhode-island-newport-harbor/,U.S.,2025-06-17T12:53:00-0400,Captain Cook's HMS Endeavour confirmed to be in waters off Rhode Island after decades of research,16,445,2025-06-17T20:24:56.155135
CBS News,https://www.cbsnews.com/news/fungus-agroterrorism-arrest-widely-prevalent-us-researcher/,Science,2025-06-04T18:28:00-0400,"Fungus in ""agroterrorism"" arrest already widely prevalent in U.S., researcher says",11,696,2025-06-17T20:24:58.467070
CBS News,https://www.cbsnews.com/news/pedro-pascal-look-alike-contest-george-gounta/,Sports,2025-06-17T13:29:38-0400,Meet the NYC dad who won a Pedro Pascal look-alike contest and a year of burritos,16,357,2025-06-17T20:25:01.563587
CBS News,https://www.cbsnews.com/news/cannabis-cardiovascular-heart-disease-death-risk-study/,Science,2025-06-17T18:30:10-0400,"Cannabis use linked to a doubled risk of heart disease death, new study finds",14,370,2025-06-17T20:25:04.179088
CBS News,https://www.cbsnews.com/news/new-mexico-trout-buck-wildfire-evacuation-state-of-emergency-order/,Entertainment,2025-06-17T22:12:16-0400,"New Mexico wildfires force evacuations for about 2,000 homes, prompt state of emergency order",14,375,2025-06-17T20:25:07.555385
CBS News,https://www.cbsnews.com/news/meta-concerned-iran-telling-citizens-stop-using-whatsapp/,Science,2025-06-17T20:26:07-0400,"Meta 'concerned' by Iran telling citizens to stop using WhatsApp, spokesperson says",12,544,2025-06-17T20:25:10.756028
CBS News,https://www.cbsnews.com/news/afghan-ally-detained-by-ice-immigration-court/,World,2025-06-17T18:53:00-0400,Afghan ally detained by ICE after attending immigration court hearing,10,1374,2025-06-17T20:25:14.313074
CBS News,https://www.cbsnews.com/news/melissa-hortman-parents-harry-linda-patrick-haluptzok-cbs-news-interview/,Politics,2025-06-17T21:28:00-0400,Melissa Hortman's parents speak about slain Minnesota lawmaker and husband in first TV interview,14,949,2025-06-17T20:25:17.274836
CBS News,https://www.cbsnews.com/news/gop-tax-bill-medicaid-snap-work-requirements-age-64-impact/,Health,2025-06-17T15:40:37-0400,GOP wants people up to age 64 to work for food stamps and Medicaid. Some experts say it won't work.,20,1490,2025-06-17T20:25:19.960985
CBS News,https://www.cbsnews.com/news/brad-lander-arrested/,Sports,2025-06-17T22:28:39-0400,"Brad Lander, NYC comptroller and mayoral candidate, arrested by ICE agents",11,1713,2025-06-17T20:25:23.556703
CBS News,https://www.cbsnews.com/news/anne-burrell-food-network-star-dies/,MoneyWatch,2025-06-17T19:16:00-0400,"Anne Burrell, Food Network star, dies at 55",8,467,2025-06-17T20:25:26.314685
CBS News,https://www.cbsnews.com/news/vance-boelter-melissa-hortman-assassination-tim-walz-connection-minnesota/,Politics,2025-06-17T20:38:10-0400,Fact check: Gov. Walz's appointment of Minnesota shooting suspect to advisory board,12,802,2025-06-17T20:25:29.972070
CBS News,https://www.cbsnews.com/news/mike-lee-tina-smith-minnesota-shootings/,Entertainment,2025-06-17T19:46:00-0400,"Sen. Tina Smith confronts Sen. Mike Lee over ""cruel"" post on Minnesota lawmaker shootings",14,664,2025-06-17T20:25:33.650669
CBS News,https://www.cbsnews.com/news/asian-needle-ants-fatal-sting-multiple-states-what-to-know/,Politics,2025-06-10T09:28:00-0400,Asian needle ants with a potentially fatal sting have spread across multiple states. Here's what to know.,17,663,2025-06-17T20:25:36.397617
CBS News,https://www.cbsnews.com/news/measles-cases-fully-vaccinated-3-percent-cdc/,MoneyWatch,2025-06-17T13:50:00-0400,"At least 3% of measles cases this year were in people who were fully vaccinated, CDC says",17,715,2025-06-17T20:25:39.619491
CBS News,https://www.cbsnews.com/news/trump-considers-joining-israel-iran-strikes-nuclear-facilities-fordo/,Science,2025-06-17T22:11:42-0400,Trump weighs joining Israel on strikes of Iranian nuclear sites,10,459,2025-06-17T20:25:43.476097
CBS News,https://www.cbsnews.com/news/anne-burrell-food-network-star-dies/,Entertainment,2025-06-17T19:16:00-0400,"Anne Burrell, Food Network star, dies at 55",8,467,2025-06-17T20:25:46.574042
CBS News,https://www.cbsnews.com/news/private-japanese-lunar-lander-ispace-moon-far-north-resilience-tenacious/,Entertainment,2025-06-05T21:16:00-0400,"In second straight failure, Japanese probe makes mission-ending ""hard"" landing on the moon",13,925,2025-06-17T20:25:50.574611
CBS News,https://www.cbsnews.com/news/kristi-noem-dhs-hospital-ambulance/,Health,2025-06-17T22:25:44-0400,DHS Secretary Kristi Noem brought to hospital due to allergic reaction,11,167,2025-06-17T20:25:54.509043
CBS News,https://www.cbsnews.com/news/red-light-therapy-benefits/,Health,2025-02-03T11:12:00-0500,What is red light therapy? A dermatologist explains the skin care trend and its benefits.,15,517,2025-06-17T20:25:57.486813
CBS News,https://www.cbsnews.com/news/paris-air-show-france-closes-israeli-stalls-gaza-war-offensive-weapons-displays/,World,2025-06-16T11:27:47-0400,"France closes Israeli firms' Paris Air Show stalls, citing ban on ""offensive weapons"" displays amid Gaza war",17,863,2025-06-17T20:26:00.432642
CBS News,https://www.cbsnews.com/news/amazon-prime-day-2025-july/,World,2025-06-17T13:36:47-0400,Amazon's Prime Day event will expand to four days this year. Here's what to know.,15,485,2025-06-17T20:26:03.602764
CBS News,https://www.cbsnews.com/news/fed-rate-decision-wednesday-june-powell/,MoneyWatch,2025-06-17T11:42:59-0400,The Fed is set to make its next rate decision on Wednesday. Here's what to expect.,16,831,2025-06-17T20:26:07.110706
CBS News,https://www.cbsnews.com/news/r-kelly-hospitalized-overdose-claims-murder-plot-prison/,Health,2025-06-17T20:56:16-0400,"R. Kelly hospitalized for overdose, claims he is target of murder plot in prison, lawyer says",16,677,2025-06-17T20:26:10.190339
CBS News,https://www.cbsnews.com/news/nasa-evaluating-data-indicating-air-leaks-aboard-space-station-have-been-sealed-off/,Health,2025-06-14T12:05:17-0400,NASA evaluating data indicating air leaks aboard space station have been sealed off,13,512,2025-06-17T20:26:13.495335
CBS News,https://www.cbsnews.com/news/trump-cuts-g7-trip-short-israel-iran-middle-east/,World,2025-06-17T08:11:59-0400,"Trump cuts G7 trip short due to ""what's going on in the Middle East""",14,959,2025-06-17T20:26:17.338927
CBS News,https://www.cbsnews.com/news/green-flags-partner-dating-relationship-experts/,Health,2025-02-14T12:12:07-0500,"6 green flags to look for in a partner, according to relationship experts",13,652,2025-06-17T20:26:20.985311
CBS News,https://www.cbsnews.com/news/purdue-pharma-opioid-settlement-more-states/,Science,2025-06-17T12:04:00-0400,$7.4 billion Purdue Pharma opioid settlement backed by dozens of more states,12,498,2025-06-17T20:26:24.339883
CBS News,https://www.cbsnews.com/news/melissa-hortman-parents-harry-linda-patrick-haluptzok-cbs-news-interview/,MoneyWatch,2025-06-17T21:28:00-0400,Melissa Hortman's parents speak about slain Minnesota lawmaker and husband in first TV interview,14,949,2025-06-17T20:26:27.923929
CBS News,https://www.cbsnews.com/news/2000-national-guard-troops-deployed-los-angeles-pentagon/,Science,2025-06-17T21:27:00-0400,"2,000 more National Guard troops being deployed to Los Angeles, Pentagon says",12,465,2025-06-17T20:26:31.299029
CBS News,https://www.cbsnews.com/news/dicks-sporting-goods-foot-locker-stock-tariffs/,Sports,2025-05-15T11:08:36-0400,Dick's Sporting Goods to buy Foot Locker for $2.4 billion,10,557,2025-06-17T20:26:35.131053
CBS News,https://www.cbsnews.com/news/tiktok-ban-delayed-trump-third-extension/,Entertainment,2025-06-17T18:30:00-0400,"Trump to sign order extending TikTok deadline another 90 days, White House says",13,814,2025-06-17T20:26:38.123789
CBS News,https://www.cbsnews.com/news/t-rex-ancestor-dinosaur-missing-link-apex-predators/,U.S.,2025-06-11T11:00:14-0400,"Newly identified T. rex ancestor is ""missing link"" between apex predators, dinosaur researchers say",14,636,2025-06-17T20:26:42.173995
CBS News,https://www.cbsnews.com/news/melissa-hortman-parents-harry-linda-patrick-haluptzok-cbs-news-interview/,Entertainment,2025-06-17T21:28:00-0400,Melissa Hortman's parents speak about slain Minnesota lawmaker and husband in first TV interview,14,949,2025-06-17T20:26:45.334699
CBS News,https://www.cbsnews.com/news/israel-iran-war-fordo-nuclear-site/,Politics,2025-06-17T12:58:00-0400,Israel hasn't hit Iran's secretive Fordo nuclear facility yet. Here's why it might.,13,828,2025-06-17T20:26:48.991020
CBS News,https://www.cbsnews.com/news/kristi-noem-dhs-hospital-ambulance/,Sports,2025-06-17T22:25:44-0400,DHS Secretary Kristi Noem brought to hospital due to allergic reaction,11,167,2025-06-17T20:26:51.775497
CBS News,https://www.cbsnews.com/news/americans-retirement-death-savings-allianz/,MoneyWatch,2025-04-23T06:49:00-0400,"Americans are more scared of going broke in retirement than they are of death, study finds",16,491,2025-06-17T20:26:54.871209
CBS News,https://www.cbsnews.com/news/vance-boelter-melissa-hortman-assassination-tim-walz-connection-minnesota/,MoneyWatch,2025-06-17T20:38:10-0400,Fact check: Gov. Walz's appointment of Minnesota shooting suspect to advisory board,12,802,2025-06-17T20:26:58.466424
CBS News,https://www.cbsnews.com/news/nasa-delays-commercial-crew-launch-to-assess-space-station-air-leak/,Health,2025-06-12T12:14:26-0400,NASA delays commercial crew launch to assess space station air leak,11,791,2025-06-17T20:27:01.661575
CBS News,https://www.cbsnews.com/news/asian-needle-ants-fatal-sting-multiple-states-what-to-know/,MoneyWatch,2025-06-10T09:28:00-0400,Asian needle ants with a potentially fatal sting have spread across multiple states. Here's what to know.,17,663,2025-06-17T20:27:05.353527
CBS News,https://www.cbsnews.com/news/new-mexico-trout-buck-wildfire-evacuation-state-of-emergency-order/,Sports,2025-06-17T22:12:16-0400,"New Mexico wildfires force evacuations for about 2,000 homes, prompt state of emergency order",14,375,2025-06-17T20:27:09.365017
CBS News,https://www.cbsnews.com/news/the-traitors-new-season-alan-cummings/,Health,2025-06-17T12:47:00-0400,"Inside the addictive world of ""The Traitors"" and Alan Cumming's viral style",12,517,2025-06-17T20:27:11.953291
CBS News,https://www.cbsnews.com/news/fiona-havers-cdc-covid-hospitalization-data-lead-resigns/,Health,2025-06-16T18:05:00-0400,CDC official overseeing COVID hospitalization data resigns after RFK Jr.'s vaccine orders,12,668,2025-06-17T20:27:14.535700
CBS News,https://www.cbsnews.com/news/private-japanese-lunar-lander-ispace-moon-far-north-resilience-tenacious/,Health,2025-06-05T21:16:00-0400,"In second straight failure, Japanese probe makes mission-ending ""hard"" landing on the moon",13,925,2025-06-17T20:27:17.289014
CBS News,https://www.cbsnews.com/news/trump-real-end-iran-nuclear-program/,Entertainment,2025-06-17T12:47:00-0400,"Trump says he wants ""real end"" to Iran's nuclear program, not just an Iran-Israel ceasefire",15,1552,2025-06-17T20:27:20.333986
CBS News,https://www.cbsnews.com/news/measles-cases-fully-vaccinated-3-percent-cdc/,Science,2025-06-17T13:50:00-0400,"At least 3% of measles cases this year were in people who were fully vaccinated, CDC says",17,715,2025-06-17T20:27:23.795622
CBS News,https://www.cbsnews.com/news/mars-volcano-peeking-through-clouds-new-image-arsia-mons/,Entertainment,2025-06-07T11:34:19-0400,Mars volcano twice as big as Earth's tallest one seen poking through clouds in first-of-its-kind image,16,422,2025-06-17T20:27:27.522236
CBS News,https://www.cbsnews.com/news/pedro-pascal-look-alike-contest-george-gounta/,U.S.,2025-06-17T13:29:38-0400,Meet the NYC dad who won a Pedro Pascal look-alike contest and a year of burritos,16,357,2025-06-17T20:27:31.194462
CBS News,https://www.cbsnews.com/news/mind-diet-brain-alzheimers-dementia-study/,Health,2025-06-02T12:36:00-0400,"This diet can protect your brain from Alzheimer's even if started later in life, new study suggests",17,486,2025-06-17T20:27:35.026838
CBS News,https://www.cbsnews.com/news/tiktok-ban-delayed-trump-third-extension/,Health,2025-06-17T18:30:00-0400,"Trump to sign order extending TikTok deadline another 90 days, White House says",13,814,2025-06-17T20:27:38.066570
CBS News,https://www.cbsnews.com/news/mike-lee-tina-smith-minnesota-shootings/,Sports,2025-06-17T19:46:00-0400,"Sen. Tina Smith confronts Sen. Mike Lee over ""cruel"" post on Minnesota lawmaker shootings",14,664,2025-06-17T20:27:40.368204
CBS News,https://www.cbsnews.com/news/amazon-ceo-generative-ai-corporate-workforce/,World,2025-06-17T17:28:45-0400,Amazon CEO says AI agents will soon reduce company's corporate workforce,11,573,2025-06-17T20:27:43.237252
CBS News,https://www.cbsnews.com/news/anne-burrell-food-network-star-dies/,Sports,2025-06-17T19:16:00-0400,"Anne Burrell, Food Network star, dies at 55",8,467,2025-06-17T20:27:46.001267
CBS News,https://www.cbsnews.com/news/afghan-ally-detained-by-ice-immigration-court/,Politics,2025-06-17T18:53:00-0400,Afghan ally detained by ICE after attending immigration court hearing,10,1374,2025-06-17T20:27:49.096600
CBS News,https://www.cbsnews.com/news/trump-administration-passport-transgender-ruling/,MoneyWatch,2025-06-17T22:18:16-0400,Judge blocks Trump administration passport policy targeting transgender people,9,591,2025-06-17T20:27:52.915885
CBS News,https://www.cbsnews.com/news/israel-iran-war-fordo-nuclear-site/,MoneyWatch,2025-06-17T12:58:00-0400,Israel hasn't hit Iran's secretive Fordo nuclear facility yet. Here's why it might.,13,828,2025-06-17T20:27:56.294610
CBS News,https://www.cbsnews.com/news/captain-cook-endeavour-ship-rhode-island-newport-harbor/,Science,2025-06-17T12:53:00-0400,Captain Cook's HMS Endeavour confirmed to be in waters off Rhode Island after decades of research,16,445,2025-06-17T20:27:59.238099
CBS News,https://www.cbsnews.com/news/private-japanese-lunar-lander-ispace-moon-far-north-resilience-tenacious/,Sports,2025-06-05T21:16:00-0400,"In second straight failure, Japanese probe makes mission-ending ""hard"" landing on the moon",13,925,2025-06-17T20:28:02.283702
CBS News,https://www.cbsnews.com/news/meta-concerned-iran-telling-citizens-stop-using-whatsapp/,World,2025-06-17T20:26:07-0400,"Meta 'concerned' by Iran telling citizens to stop using WhatsApp, spokesperson says",12,544,2025-06-17T20:28:05.601974
CBS News,https://www.cbsnews.com/news/brad-lander-arrested/,U.S.,2025-06-17T22:28:39-0400,"Brad Lander, NYC comptroller and mayoral candidate, arrested by ICE agents",11,1713,2025-06-17T20:28:08.777185
CBS News,https://www.cbsnews.com/news/trump-real-end-iran-nuclear-program/,Health,2025-06-17T12:47:00-0400,"Trump says he wants ""real end"" to Iran's nuclear program, not just an Iran-Israel ceasefire",15,1552,2025-06-17T20:28:11.764003
CBS News,https://www.cbsnews.com/news/tiktok-ban-delayed-trump-third-extension/,Sports,2025-06-17T18:30:00-0400,"Trump to sign order extending TikTok deadline another 90 days, White House says",13,814,2025-06-17T20:28:14.393488
CBS News,https://www.cbsnews.com/news/kraft-heinz-artificial-dyes-removed-by-2027/,MoneyWatch,2025-06-17T11:47:00-0400,Kraft Heinz says it will remove artificial dyes from its U.S. products by the end of 2027,17,467,2025-06-17T20:28:18.475106
CBS News,https://www.cbsnews.com/news/melissa-hortman-parents-harry-linda-patrick-haluptzok-cbs-news-interview/,Sports,2025-06-17T21:28:00-0400,Melissa Hortman's parents speak about slain Minnesota lawmaker and husband in first TV interview,14,949,2025-06-17T20:28:21.770767
CBS News,https://www.cbsnews.com/news/trump-considers-joining-israel-iran-strikes-nuclear-facilities-fordo/,World,2025-06-17T22:11:42-0400,Trump weighs joining Israel on strikes of Iranian nuclear sites,10,459,2025-06-17T20:28:24.985359
CBS News,https://www.cbsnews.com/news/mars-volcano-peeking-through-clouds-new-image-arsia-mons/,Health,2025-06-07T11:34:19-0400,Mars volcano twice as big as Earth's tallest one seen poking through clouds in first-of-its-kind image,16,422,2025-06-17T20:28:28.758572
CBS News,https://www.cbsnews.com/news/amazon-prime-day-2025-july/,Politics,2025-06-17T13:36:47-0400,Amazon's Prime Day event will expand to four days this year. Here's what to know.,15,485,2025-06-17T20:28:31.459061
CBS News,https://www.cbsnews.com/news/trump-real-end-iran-nuclear-program/,Sports,2025-06-17T12:47:00-0400,"Trump says he wants ""real end"" to Iran's nuclear program, not just an Iran-Israel ceasefire",15,1552,2025-06-17T20:28:34.438791
CBS News,https://www.cbsnews.com/news/afghan-ally-detained-by-ice-immigration-court/,Entertainment,2025-06-17T18:53:00-0400,Afghan ally detained by ICE after attending immigration court hearing,10,1374,2025-06-17T20:28:37.231823
CBS News,https://www.cbsnews.com/news/purdue-pharma-opioid-settlement-more-states/,World,2025-06-17T12:04:00-0400,$7.4 billion Purdue Pharma opioid settlement backed by dozens of more states,12,498,2025-06-17T20:28:39.837202
CBS News,https://www.cbsnews.com/news/kristi-noem-dhs-hospital-ambulance/,U.S.,2025-06-17T22:25:44-0400,DHS Secretary Kristi Noem brought to hospital due to allergic reaction,11,167,2025-06-17T20:28:42.445470
CBS News,https://www.cbsnews.com/news/trump-war-powers-act-congress-iran-israel/,U.S.,2025-06-17T15:34:00-0400,Lawmakers move to limit Trump's war powers as Israel-Iran war escalates,11,824,2025-06-17T20:28:45.878227
CBS News,https://www.cbsnews.com/news/mars-volcano-peeking-through-clouds-new-image-arsia-mons/,Sports,2025-06-07T11:34:19-0400,Mars volcano twice as big as Earth's tallest one seen poking through clouds in first-of-its-kind image,16,422,2025-06-17T20:28:49.321082
CBS News,https://www.cbsnews.com/news/supreme-court-trump-tariffs-toy-companies/,Politics,2025-06-17T17:03:56-0400,Toy companies ask Supreme Court to swiftly take up challenge to Trump's tariffs,13,780,2025-06-17T20:28:51.610757
CBS News,https://www.cbsnews.com/news/israel-iran-war-fordo-nuclear-site/,Science,2025-06-17T12:58:00-0400,Israel hasn't hit Iran's secretive Fordo nuclear facility yet. Here's why it might.,13,828,2025-06-17T20:28:54.545374
CBS News,https://www.cbsnews.com/news/trump-administration-passport-transgender-ruling/,Science,2025-06-17T22:18:16-0400,Judge blocks Trump administration passport policy targeting transgender people,9,591,2025-06-17T20:28:57.346981
CBS News,https://www.cbsnews.com/news/new-mexico-trout-buck-wildfire-evacuation-state-of-emergency-order/,U.S.,2025-06-17T22:12:16-0400,"New Mexico wildfires force evacuations for about 2,000 homes, prompt state of emergency order",14,375,2025-06-17T20:28:59.981468
CBS News,https://www.cbsnews.com/news/trump-nih-medical-research-grants-judge/,Entertainment,2025-06-17T10:45:44-0400,"Federal judge strikes down Trump cuts to NIH medical research grants linked to diversity, gender",15,557,2025-06-17T20:29:03.015121
CBS News,https://www.cbsnews.com/news/trump-claims-complete-control-iran-skies/,Entertainment,2025-06-17T19:16:19-0400,"Trump's claim about ""control of the skies over Iran"" raises questions about U.S. involvement in conflict",16,731,2025-06-17T20:29:05.676448
CBS News,https://www.cbsnews.com/news/amazon-prime-day-2025-july/,MoneyWatch,2025-06-17T13:36:47-0400,Amazon's Prime Day event will expand to four days this year. Here's what to know.,15,485,2025-06-17T20:29:09.647411
CBS News,https://www.cbsnews.com/news/mike-lee-tina-smith-minnesota-shootings/,U.S.,2025-06-17T19:46:00-0400,"Sen. Tina Smith confronts Sen. Mike Lee over ""cruel"" post on Minnesota lawmaker shootings",14,664,2025-06-17T20:29:12.825338
CBS News,https://www.cbsnews.com/news/anne-burrell-food-network-star-dies/,U.S.,2025-06-17T19:16:00-0400,"Anne Burrell, Food Network star, dies at 55",8,467,2025-06-17T20:29:16.404856
CBS News,https://www.cbsnews.com/news/amazon-ceo-generative-ai-corporate-workforce/,Politics,2025-06-17T17:28:45-0400,Amazon CEO says AI agents will soon reduce company's corporate workforce,11,573,2025-06-17T20:29:18.639393
CBS News,https://www.cbsnews.com/news/private-japanese-lunar-lander-ispace-moon-far-north-resilience-tenacious/,U.S.,2025-06-05T21:16:00-0400,"In second straight failure, Japanese probe makes mission-ending ""hard"" landing on the moon",13,925,2025-06-17T20:29:22.200463
CBS News,https://www.cbsnews.com/news/argentine-court-mistrial-death-soccer-legend-diego-maradona/,Sports,2025-05-29T20:06:51-0400,Argentine court declares mistrial in death of soccer legend Diego Maradona,11,719,2025-06-17T20:29:26.986479
CBS News,https://www.cbsnews.com/news/pedro-pascal-look-alike-contest-george-gounta/,Science,2025-06-17T13:29:38-0400,Meet the NYC dad who won a Pedro Pascal look-alike contest and a year of burritos,16,357,2025-06-17T20:29:30.483913
CBS News,https://www.cbsnews.com/news/at-home-decor-bankruptcy-retailer/,MoneyWatch,2025-06-17T12:45:03-0400,At Home files for bankruptcy and will close 26 stores. Here are the locations.,14,515,2025-06-17T20:29:33.620741
CBS News,https://www.cbsnews.com/news/mary-lou-retton-olympian-arrested-dui-west-virginia/,Sports,2025-05-27T12:59:08-0400,Olympic legend Mary Lou Retton arrested for DUI in West Virginia,11,295,2025-06-17T20:29:37.479987
CBS News,https://www.cbsnews.com/news/meta-concerned-iran-telling-citizens-stop-using-whatsapp/,Politics,2025-06-17T20:26:07-0400,"Meta 'concerned' by Iran telling citizens to stop using WhatsApp, spokesperson says",12,544,2025-06-17T20:29:40.915284
CBS News,https://www.cbsnews.com/news/captain-cook-endeavour-ship-rhode-island-newport-harbor/,World,2025-06-17T12:53:00-0400,Captain Cook's HMS Endeavour confirmed to be in waters off Rhode Island after decades of research,16,445,2025-06-17T20:29:44.799266
CBS News,https://www.cbsnews.com/news/r-kelly-hospitalized-overdose-claims-murder-plot-prison/,MoneyWatch,2025-06-17T20:56:16-0400,"R. Kelly hospitalized for overdose, claims he is target of murder plot in prison, lawyer says",16,677,2025-06-17T20:29:48.186064
CBS News,https://www.cbsnews.com/news/nasa-evaluating-data-indicating-air-leaks-aboard-space-station-have-been-sealed-off/,MoneyWatch,2025-06-14T12:05:17-0400,NASA evaluating data indicating air leaks aboard space station have been sealed off,13,512,2025-06-17T20:29:51.674277
CBS News,https://www.cbsnews.com/news/trump-claims-complete-control-iran-skies/,Health,2025-06-17T19:16:19-0400,"Trump's claim about ""control of the skies over Iran"" raises questions about U.S. involvement in conflict",16,731,2025-06-17T20:29:54.956887
CBS News,https://www.cbsnews.com/news/tiktok-ban-delayed-trump-third-extension/,U.S.,2025-06-17T18:30:00-0400,"Trump to sign order extending TikTok deadline another 90 days, White House says",13,814,2025-06-17T20:29:57.793456
CBS News,https://www.cbsnews.com/news/louvre-paris-closed-reopening-unclear/,World,2025-06-16T10:41:00-0400,The Louvre in Paris closes unexpectedly as staff protest conditions,10,856,2025-06-17T20:30:00.912280
CBS News,https://www.cbsnews.com/news/melissa-hortman-parents-harry-linda-patrick-haluptzok-cbs-news-interview/,U.S.,2025-06-17T21:28:00-0400,Melissa Hortman's parents speak about slain Minnesota lawmaker and husband in first TV interview,14,949,2025-06-17T20:30:03.246199
CBS News,https://www.cbsnews.com/news/how-much-will-a-100000-annuity-pay-monthly-age-70/,MoneyWatch,2025-06-12T10:32:54-0400,"How much will a $100,000 annuity pay monthly if bought at age 70?",13,656,2025-06-17T20:30:06.580950
CBS News,https://www.cbsnews.com/news/afghan-ally-detained-by-ice-immigration-court/,Sports,2025-06-17T18:53:00-0400,Afghan ally detained by ICE after attending immigration court hearing,10,1374,2025-06-17T20:30:09.647629
CBS News,https://www.cbsnews.com/news/pepto-bismol-travel-diarrhea-prevention-cdc-study/,Health,2025-06-03T11:35:00-0400,"Pepto Bismol didn't prevent travelers' diarrhea compared to placebo, small CDC study found",13,361,2025-06-17T20:30:13.519392
CBS News,https://www.cbsnews.com/news/us-open-a-race-against-daylight-on-rain-soaked-oakmont-2/,Sports,2025-06-15T21:18:18-0400,J.J. Spaun wins U.S. open after weathering messy rain delay at Oakmont,12,958,2025-06-17T20:30:17.023792
CBS News,https://www.cbsnews.com/news/nasa-delays-commercial-crew-launch-to-assess-space-station-air-leak/,MoneyWatch,2025-06-12T12:14:26-0400,NASA delays commercial crew launch to assess space station air leak,11,791,2025-06-17T20:30:20.458535
CBS News,https://www.cbsnews.com/news/t-rex-ancestor-dinosaur-missing-link-apex-predators/,Health,2025-06-11T11:00:14-0400,"Newly identified T. rex ancestor is ""missing link"" between apex predators, dinosaur researchers say",14,636,2025-06-17T20:30:23.600798
CBS News,https://www.cbsnews.com/news/trump-nih-medical-research-grants-judge/,Sports,2025-06-17T10:45:44-0400,"Federal judge strikes down Trump cuts to NIH medical research grants linked to diversity, gender",15,557,2025-06-17T20:30:25.998536
CBS News,https://www.cbsnews.com/news/stretches-for-better-sleep/,Health,2025-04-30T08:58:18-0400,6 stretches to try for a better night sleep,9,849,2025-06-17T20:30:28.823062
CBS News,https://www.cbsnews.com/news/fiona-havers-cdc-covid-hospitalization-data-lead-resigns/,MoneyWatch,2025-06-16T18:05:00-0400,CDC official overseeing COVID hospitalization data resigns after RFK Jr.'s vaccine orders,12,668,2025-06-17T20:30:32.142401
CBS News,https://www.cbsnews.com/news/scottie-scheffler-wins-pga-championship-2025/,Sports,2025-05-18T20:22:35-0400,Scottie Scheffler wins PGA Championship to take home 3rd major title,11,1160,2025-06-17T20:30:35.371713
CBS News,https://www.cbsnews.com/news/trump-real-end-iran-nuclear-program/,U.S.,2025-06-17T12:47:00-0400,"Trump says he wants ""real end"" to Iran's nuclear program, not just an Iran-Israel ceasefire",15,1552,2025-06-17T20:30:38.911022
CBS News,https://www.cbsnews.com/news/amazon-ceo-generative-ai-corporate-workforce/,Entertainment,2025-06-17T17:28:45-0400,Amazon CEO says AI agents will soon reduce company's corporate workforce,11,573,2025-06-17T20:30:41.822508
CBS News,https://www.cbsnews.com/news/trump-tariffs-price-tracker/,MoneyWatch,2025-04-02T17:14:00-0400,"As Trump announces new tariffs, here's a price tracker for cars, groceries and more supplies",15,501,2025-06-17T20:30:45.027654
CBS News,https://www.cbsnews.com/news/trump-claims-complete-control-iran-skies/,Sports,2025-06-17T19:16:19-0400,"Trump's claim about ""control of the skies over Iran"" raises questions about U.S. involvement in conflict",16,731,2025-06-17T20:30:48.774777
CBS News,https://www.cbsnews.com/news/meta-concerned-iran-telling-citizens-stop-using-whatsapp/,MoneyWatch,2025-06-17T20:26:07-0400,"Meta 'concerned' by Iran telling citizens to stop using WhatsApp, spokesperson says",12,544,2025-06-17T20:30:51.653443
CBS News,https://www.cbsnews.com/news/purdue-pharma-opioid-settlement-more-states/,Politics,2025-06-17T12:04:00-0400,$7.4 billion Purdue Pharma opioid settlement backed by dozens of more states,12,498,2025-06-17T20:30:54.686312
CBS News,https://www.cbsnews.com/news/gop-tax-bill-medicaid-snap-work-requirements-age-64-impact/,Science,2025-06-17T15:40:37-0400,GOP wants people up to age 64 to work for food stamps and Medicaid. Some experts say it won't work.,20,1490,2025-06-17T20:30:58.925475
CBS News,https://www.cbsnews.com/news/cannabis-cardiovascular-heart-disease-death-risk-study/,Entertainment,2025-06-17T18:30:10-0400,"Cannabis use linked to a doubled risk of heart disease death, new study finds",14,370,2025-06-17T20:31:02.098438
CBS News,https://www.cbsnews.com/news/brad-lander-arrested/,Entertainment,2025-06-17T22:28:39-0400,"Brad Lander, NYC comptroller and mayoral candidate, arrested by ICE agents",11,1713,2025-06-17T20:31:05.769201
CBS News,https://www.cbsnews.com/news/mars-volcano-peeking-through-clouds-new-image-arsia-mons/,U.S.,2025-06-07T11:34:19-0400,Mars volcano twice as big as Earth's tallest one seen poking through clouds in first-of-its-kind image,16,422,2025-06-17T20:31:08.282934
CBS News,https://www.cbsnews.com/news/live-extra-5-years-over-40-exercise/,Health,2024-11-14T18:31:22-0500,"Want to live an extra 5 years? Those over 40 should exercise like this every day, researchers say",18,374,2025-06-17T20:31:11.953442
CBS News,https://www.cbsnews.com/news/spain-protest-water-guns-tourism-housing-costs/,World,2025-06-16T12:00:00-0400,"Protesters in Spain shoot water guns at tourists in demonstration against mass tourism, housing costs",15,1151,2025-06-17T20:31:14.965047
CBS News,https://www.cbsnews.com/news/trump-national-guard-los-angeles-deployment-appeals-court/,Science,2025-06-17T16:57:33-0400,Federal appeals court considers Trump's deployment of National Guard in Los Angeles,12,1334,2025-06-17T20:31:18.588983
CBS News,https://www.cbsnews.com/news/kristi-noem-dhs-hospital-ambulance/,Science,2025-06-17T22:25:44-0400,DHS Secretary Kristi Noem brought to hospital due to allergic reaction,11,167,2025-06-17T20:31:22.307384
CBS News,https://www.cbsnews.com/news/trump-administration-passport-transgender-ruling/,World,2025-06-17T22:18:16-0400,Judge blocks Trump administration passport policy targeting transgender people,9,591,2025-06-17T20:31:26.276525
CBS News,https://www.cbsnews.com/news/new-recommendations-measure-obesity-bmi/,Health,2025-01-15T12:32:21-0500,New recommendations to measure obesity go beyond controversial BMI. A doctor explains.,12,537,2025-06-17T20:31:30.426388
CBS News,https://www.cbsnews.com/news/r-kelly-hospitalized-overdose-claims-murder-plot-prison/,Science,2025-06-17T20:56:16-0400,"R. Kelly hospitalized for overdose, claims he is target of murder plot in prison, lawyer says",16,677,2025-06-17T20:31:33.511901
CBS News,https://www.cbsnews.com/news/nasa-evaluating-data-indicating-air-leaks-aboard-space-station-have-been-sealed-off/,Science,2025-06-14T12:05:17-0400,NASA evaluating data indicating air leaks aboard space station have been sealed off,13,512,2025-06-17T20:31:36.778630
CBS News,https://www.cbsnews.com/news/trump-considers-joining-israel-iran-strikes-nuclear-facilities-fordo/,Entertainment,2025-06-17T22:11:42-0400,Trump weighs joining Israel on strikes of Iranian nuclear sites,10,459,2025-06-17T20:31:40.301040
CBS News,https://www.cbsnews.com/news/what-a-50000-annuity-pays-monthly-if-bought-at-65/,MoneyWatch,2025-06-13T13:47:15-0400,"How much will a $50,000 annuity pay each month if bought at age 65?",14,1018,2025-06-17T20:31:43.393243
CBS News,https://www.cbsnews.com/news/insomnia-heart-disease-psychologist-sleep-tips/,Health,2025-03-20T17:00:15-0400,Insomnia can lead to heart issues. A psychologist shares tips for better sleep.,13,957,2025-06-17T20:31:46.814107
CBS News,https://www.cbsnews.com/news/cannabis-cardiovascular-heart-disease-death-risk-study/,Health,2025-06-17T18:30:10-0400,"Cannabis use linked to a doubled risk of heart disease death, new study finds",14,370,2025-06-17T20:31:49.560990
CBS News,https://www.cbsnews.com/news/what-beginner-and-veteran-investors-should-do-before-next-gold-price-surge/,MoneyWatch,2025-06-13T16:14:03-0400,What beginner (and veteran) investors should do before the next gold price surge,13,331,2025-06-17T20:31:52.851756
CBS News,https://www.cbsnews.com/news/what-a-400000-annuity-pays-monthly-at-75/,MoneyWatch,2025-06-17T10:13:58-0400,"How much would a $400,000 annuity pay each month if bought at age 75?",14,927,2025-06-17T20:31:56.460808
CBS News,https://www.cbsnews.com/news/nasa-delays-commercial-crew-launch-to-assess-space-station-air-leak/,Science,2025-06-12T12:14:26-0400,NASA delays commercial crew launch to assess space station air leak,11,791,2025-06-17T20:31:59.321424
CBS News,https://www.cbsnews.com/news/remembering-sly-stone-and-brian-wilson/,Entertainment,2025-06-15T09:44:48-0400,Remembering Sly Stone and Brian Wilson,6,493,2025-06-17T20:32:02.107950
CBS News,https://www.cbsnews.com/news/purdue-pharma-opioid-settlement-more-states/,Entertainment,2025-06-17T12:04:00-0400,$7.4 billion Purdue Pharma opioid settlement backed by dozens of more states,12,498,2025-06-17T20:32:05.709889
CBS News,https://www.cbsnews.com/news/how-to-calculate-moderate-intense-workout-heart-rate/,Health,2025-01-01T07:00:03-0500,Are you really getting a moderate or intense workout? Here's how to tell.,13,427,2025-06-17T20:32:09.627383
CBS News,https://www.cbsnews.com/news/2000-national-guard-troops-deployed-los-angeles-pentagon/,Entertainment,2025-06-17T21:27:00-0400,"2,000 more National Guard troops being deployed to Los Angeles, Pentagon says",12,465,2025-06-17T20:32:12.310101
CBS News,https://www.cbsnews.com/news/gut-brain-connection-what-foods-to-eat-nutritional-psychiatrist/,Health,2023-04-20T11:47:52-0400,Want a healthy gut-brain connection? A nutritional psychiatrist says these foods can help,13,424,2025-06-17T20:32:15.725798
CBS News,https://www.cbsnews.com/news/captain-cook-endeavour-ship-rhode-island-newport-harbor/,Politics,2025-06-17T12:53:00-0400,Captain Cook's HMS Endeavour confirmed to be in waters off Rhode Island after decades of research,16,445,2025-06-17T20:32:19.218041
CBS News,https://www.cbsnews.com/news/fiona-havers-cdc-covid-hospitalization-data-lead-resigns/,Science,2025-06-16T18:05:00-0400,CDC official overseeing COVID hospitalization data resigns after RFK Jr.'s vaccine orders,12,668,2025-06-17T20:32:22.829370
CBS News,https://www.cbsnews.com/news/pedro-pascal-look-alike-contest-george-gounta/,World,2025-06-17T13:29:38-0400,Meet the NYC dad who won a Pedro Pascal look-alike contest and a year of burritos,16,357,2025-06-17T20:32:26.343559
CBS News,https://www.cbsnews.com/news/the-traitors-new-season-alan-cummings/,Science,2025-06-17T12:47:00-0400,"Inside the addictive world of ""The Traitors"" and Alan Cumming's viral style",12,517,2025-06-17T20:32:28.831142
CBS News,https://www.cbsnews.com/news/mexico-band-investigation-cartel-leader-face-concert/,World,2025-06-17T10:58:14-0400,Mexican band changes its tune after projecting wanted cartel leader's face onto screen at concert,15,448,2025-06-17T20:32:31.422986
CBS News,https://www.cbsnews.com/news/medical-debt-relief-options-that-actually-work/,MoneyWatch,2025-06-17T15:24:47-0400,5 medical debt relief options that actually work,8,1006,2025-06-17T20:32:34.528796
CBS News,https://www.cbsnews.com/news/amazon-ceo-generative-ai-corporate-workforce/,Sports,2025-06-17T17:28:45-0400,Amazon CEO says AI agents will soon reduce company's corporate workforce,11,573,2025-06-17T20:32:37.742550
CBS News,https://www.cbsnews.com/news/afghan-ally-detained-by-ice-immigration-court/,U.S.,2025-06-17T18:53:00-0400,Afghan ally detained by ICE after attending immigration court hearing,10,1374,2025-06-17T20:32:40.350619
CBS News,https://www.cbsnews.com/news/dads-postpartum-depression-symptoms-causes/,Health,2025-01-28T11:56:00-0500,"Dads can get postpartum depression too. Here's what to know about symptoms, causes.",13,390,2025-06-17T20:32:43.536693
CBS News,https://www.cbsnews.com/news/cannabis-cardiovascular-heart-disease-death-risk-study/,Sports,2025-06-17T18:30:10-0400,"Cannabis use linked to a doubled risk of heart disease death, new study finds",14,370,2025-06-17T20:32:46.835960
CBS News,https://www.cbsnews.com/news/trump-nih-medical-research-grants-judge/,U.S.,2025-06-17T10:45:44-0400,"Federal judge strikes down Trump cuts to NIH medical research grants linked to diversity, gender",15,557,2025-06-17T20:32:50.617894
CBS News,https://www.cbsnews.com/news/ground-beef-e-coli-whole-foods-nationwide/,Health,2025-06-04T11:34:34-0400,"Ground beef with possible E. coli distributed nationwide, including to Whole Foods, USDA says",14,302,2025-06-17T20:32:53.689732
CBS News,https://www.cbsnews.com/news/trump-claims-complete-control-iran-skies/,U.S.,2025-06-17T19:16:19-0400,"Trump's claim about ""control of the skies over Iran"" raises questions about U.S. involvement in conflict",16,731,2025-06-17T20:32:57.150887
CBS News,https://www.cbsnews.com/news/measles-cases-fully-vaccinated-3-percent-cdc/,Entertainment,2025-06-17T13:50:00-0400,"At least 3% of measles cases this year were in people who were fully vaccinated, CDC says",17,715,2025-06-17T20:33:00.516287
CBS News,https://www.cbsnews.com/news/best-run-us-city-analysis-wallethub-provo-nampa-manchester/,MoneyWatch,2025-06-17T07:33:00-0400,"This is the best-run city in the U.S., a new analysis says. See where your city ranks.",17,402,2025-06-17T20:33:04.142377
CBS News,https://www.cbsnews.com/news/2000-national-guard-troops-deployed-los-angeles-pentagon/,Health,2025-06-17T21:27:00-0400,"2,000 more National Guard troops being deployed to Los Angeles, Pentagon says",12,465,2025-06-17T20:33:08.002783
CBS News,https://www.cbsnews.com/news/captain-cook-endeavour-ship-rhode-island-newport-harbor/,MoneyWatch,2025-06-17T12:53:00-0400,Captain Cook's HMS Endeavour confirmed to be in waters off Rhode Island after decades of research,16,445,2025-06-17T20:33:11.049914
CBS News,https://www.cbsnews.com/news/trump-considers-joining-israel-iran-strikes-nuclear-facilities-fordo/,Sports,2025-06-17T22:11:42-0400,Trump weighs joining Israel on strikes of Iranian nuclear sites,10,459,2025-06-17T20:33:14.707558
CBS News,https://www.cbsnews.com/news/new-mexico-trout-buck-wildfire-evacuation-state-of-emergency-order/,Health,2025-06-17T22:12:16-0400,"New Mexico wildfires force evacuations for about 2,000 homes, prompt state of emergency order",14,375,2025-06-17T20:33:17.421206
CBS News,https://www.cbsnews.com/news/trump-real-end-iran-nuclear-program/,Science,2025-06-17T12:47:00-0400,"Trump says he wants ""real end"" to Iran's nuclear program, not just an Iran-Israel ceasefire",15,1552,2025-06-17T20:33:25.529381
CBS News,https://www.cbsnews.com/news/gop-tax-bill-medicaid-snap-work-requirements-age-64-impact/,World,2025-06-17T15:40:37-0400,GOP wants people up to age 64 to work for food stamps and Medicaid. Some experts say it won't work.,20,1490,2025-06-17T20:33:28.197362
CBS News,https://www.cbsnews.com/news/sean-diddy-combs-trial-juror-dismissed/,Entertainment,2025-06-16T16:29:26-0400,"Juror in Sean ""Diddy"" Combs trial dismissed over questions about where he actually lives",14,308,2025-06-17T20:33:31.684032
CBS News,https://www.cbsnews.com/news/trump-administration-passport-transgender-ruling/,Politics,2025-06-17T22:18:16-0400,Judge blocks Trump administration passport policy targeting transgender people,9,591,2025-06-17T20:33:35.282802
CBS News,https://www.cbsnews.com/news/trump-national-guard-los-angeles-deployment-appeals-court/,World,2025-06-17T16:57:33-0400,Federal appeals court considers Trump's deployment of National Guard in Los Angeles,12,1334,2025-06-17T20:33:38.081960
CBS News,https://www.cbsnews.com/news/purdue-pharma-opioid-settlement-more-states/,Sports,2025-06-17T12:04:00-0400,$7.4 billion Purdue Pharma opioid settlement backed by dozens of more states,12,498,2025-06-17T20:33:41.401175
CBS News,https://www.cbsnews.com/news/kristi-noem-dhs-hospital-ambulance/,World,2025-06-17T22:25:44-0400,DHS Secretary Kristi Noem brought to hospital due to allergic reaction,11,167,2025-06-17T20:33:43.960999
CBS News,https://www.cbsnews.com/news/salmonella-outbreak-recalled-cucumbers-sickens-dozens/,Health,2025-06-05T10:47:35-0400,Salmonella outbreak linked to recalled cucumbers sickens dozens across 18 states,11,411,2025-06-17T20:33:47.073532
CBS News,https://www.cbsnews.com/news/2000-national-guard-troops-deployed-los-angeles-pentagon/,Sports,2025-06-17T21:27:00-0400,"2,000 more National Guard troops being deployed to Los Angeles, Pentagon says",12,465,2025-06-17T20:33:49.456184
CBS News,https://www.cbsnews.com/news/anne-burrell-food-network-star-dies/,Health,2025-06-17T19:16:00-0400,"Anne Burrell, Food Network star, dies at 55",8,467,2025-06-17T20:33:51.896865
CBS News,https://www.cbsnews.com/news/price-tracker/,MoneyWatch,2025-05-30T11:04:24-0400,"CBS News price tracker shows how much food, gas, utility and housing costs are rising",15,135,2025-06-17T20:33:56.097034
CBS News,https://www.cbsnews.com/news/massive-planet-discovered-orbiting-tiny-star-toi-6894/,Science,2025-06-04T11:05:16-0400,"Massive planet discovered orbiting tiny star, leaving scientists stumped",9,778,2025-06-17T20:33:59.358468
CBS News,https://www.cbsnews.com/news/r-kelly-hospitalized-overdose-claims-murder-plot-prison/,World,2025-06-17T20:56:16-0400,"R. Kelly hospitalized for overdose, claims he is target of murder plot in prison, lawyer says",16,677,2025-06-17T20:34:02.242773
CBS News,https://www.cbsnews.com/news/nasa-evaluating-data-indicating-air-leaks-aboard-space-station-have-been-sealed-off/,World,2025-06-14T12:05:17-0400,NASA evaluating data indicating air leaks aboard space station have been sealed off,13,512,2025-06-17T20:34:05.343861
CBS News,https://www.cbsnews.com/news/vance-boelter-melissa-hortman-assassination-tim-walz-connection-minnesota/,Entertainment,2025-06-17T20:38:10-0400,Fact check: Gov. Walz's appointment of Minnesota shooting suspect to advisory board,12,802,2025-06-17T20:34:08.138576
CBS News,https://www.cbsnews.com/news/measles-cases-fully-vaccinated-3-percent-cdc/,Health,2025-06-17T13:50:00-0400,"At least 3% of measles cases this year were in people who were fully vaccinated, CDC says",17,715,2025-06-17T20:34:11.268323
CBS News,https://www.cbsnews.com/news/asian-needle-ants-fatal-sting-multiple-states-what-to-know/,Entertainment,2025-06-10T09:28:00-0400,Asian needle ants with a potentially fatal sting have spread across multiple states. Here's what to know.,17,663,2025-06-17T20:34:15.335237
CBS News,https://www.cbsnews.com/news/how-much-would-a-1000-payday-loan-cost/,MoneyWatch,2025-06-16T12:24:03-0400,"How much would a $1,000 payday loan cost in total?",10,863,2025-06-17T20:34:17.960639
