source,url,section,pub_date,headline,headline_len,word_count,scrape_date
The Tab,https://thetab.com/2025/06/16/the-chilling-text-alleged-assassin-sent-after-shooting-two-us-politicians-and-their-partners,news,2025-06-16T14:32:22+00:00,The chilling text alleged assassin sent after shooting two US politicians and their partners,14,748,2025-06-16T14:36:51.804770+00:00
The Tab,https://thetab.com/2025/06/16/the-chilling-text-alleged-assassin-sent-after-shooting-two-us-politicians-and-their-partners,news,2025-06-16T14:32:22+00:00,The chilling text alleged assassin sent after shooting two US politicians and their partners,14,748,2025-06-16T14:36:51.973887+00:00
The Tab,https://thetab.com/2025/06/16/new-findings-and-confirmed-victims-all-the-latest-information-about-the-air-india-plane-crash,news,2025-06-16T14:26:53+00:00,New findings and confirmed victims: All the latest information about the Air India plane crash,15,1058,2025-06-16T14:36:52.114570+00:00
The Tab,https://thetab.com/2025/06/16/new-findings-and-confirmed-victims-all-the-latest-information-about-the-air-india-plane-crash,news,2025-06-16T14:26:53+00:00,New findings and confirmed victims: All the latest information about the Air India plane crash,15,1058,2025-06-16T14:36:52.304022+00:00
The Tab,https://thetab.com/2025/06/16/her-toes-were-gone-mum-recalls-horrifying-moment-her-nine-year-old-was-attacked-by-piranhas,news,2025-06-16T11:49:15+00:00,‘Her toes were gone’: Mum recalls horrifying moment her nine-year-old was attacked by piranhas,14,684,2025-06-16T14:36:52.563173+00:00
The Tab,https://thetab.com/2025/06/16/her-toes-were-gone-mum-recalls-horrifying-moment-her-nine-year-old-was-attacked-by-piranhas,news,2025-06-16T11:49:15+00:00,‘Her toes were gone’: Mum recalls horrifying moment her nine-year-old was attacked by piranhas,14,684,2025-06-16T14:36:52.665224+00:00
The Tab,https://thetab.com/2025/06/16/ryanair-is-being-dragged-for-insensitive-tiktoks-about-seat-11a-in-wake-of-air-india-crash,news,2025-06-16T11:26:38+00:00,Ryanair is being dragged for ‘insensitive’ TikToks about seat 11a in wake of Air India crash,16,610,2025-06-16T14:36:52.818954+00:00
The Tab,https://thetab.com/2025/06/16/ryanair-is-being-dragged-for-insensitive-tiktoks-about-seat-11a-in-wake-of-air-india-crash,news,2025-06-16T11:26:38+00:00,Ryanair is being dragged for ‘insensitive’ TikToks about seat 11a in wake of Air India crash,16,610,2025-06-16T14:36:52.978881+00:00
The Tab,https://thetab.com/2025/06/16/two-more-air-india-flights-have-had-to-make-emergency-landings-since-the-devastating-crash,news,2025-06-16T10:50:35+00:00,Two more Air India flights have had to make emergency landings since the devastating crash,15,656,2025-06-16T14:36:53.438828+00:00
The Tab,https://thetab.com/2025/06/16/two-more-air-india-flights-have-had-to-make-emergency-landings-since-the-devastating-crash,news,2025-06-16T10:50:35+00:00,Two more Air India flights have had to make emergency landings since the devastating crash,15,656,2025-06-16T14:36:53.615113+00:00
The Tab,https://thetab.com/2025/06/16/air-india-crash-pilots-heartbreaking-last-words-in-full-revealed-as-cockpit-recordings-are-found,news,2025-06-16T10:11:54+00:00,Air India crash pilot’s heartbreaking last words in full revealed as cockpit recordings are found,15,577,2025-06-16T14:36:53.758585+00:00
The Tab,https://thetab.com/2025/06/16/air-india-crash-pilots-heartbreaking-last-words-in-full-revealed-as-cockpit-recordings-are-found,news,2025-06-16T10:11:54+00:00,Air India crash pilot’s heartbreaking last words in full revealed as cockpit recordings are found,15,577,2025-06-16T14:36:53.922776+00:00
The Tab,https://thetab.com/2025/06/16/crash-analyst-notices-detail-in-new-air-india-footage-that-changes-everything,news,2025-06-16T10:07:28+00:00,Crash analyst notices detail in new Air India footage that ‘changes everything’,12,643,2025-06-16T14:36:54.065215+00:00
The Tab,https://thetab.com/2025/06/16/crash-analyst-notices-detail-in-new-air-india-footage-that-changes-everything,news,2025-06-16T10:07:28+00:00,Crash analyst notices detail in new Air India footage that ‘changes everything’,12,643,2025-06-16T14:36:54.228793+00:00
The Tab,https://thetab.com/2025/06/16/experts-reveal-what-the-safest-seat-on-a-plane-actually-is-after-the-air-india-crash,news,2025-06-16T10:00:36+00:00,Experts reveal what the safest seat on a plane actually is after the Air India crash,16,638,2025-06-16T14:36:54.405433+00:00
The Tab,https://thetab.com/2025/06/16/experts-reveal-what-the-safest-seat-on-a-plane-actually-is-after-the-air-india-crash,news,2025-06-16T10:00:36+00:00,Experts reveal what the safest seat on a plane actually is after the Air India crash,16,638,2025-06-16T14:36:54.518585+00:00
The Tab,https://thetab.com/2025/06/16/all-the-changes-happening-to-glastonbury-2025-following-last-years-extremely-busy-event,entertainment,2025-06-16T14:18:40+00:00,All the changes happening to Glastonbury 2025 following last year’s extremely busy event,13,1024,2025-06-16T14:36:54.907624+00:00
The Tab,https://thetab.com/2025/06/16/all-the-changes-happening-to-glastonbury-2025-following-last-years-extremely-busy-event,entertainment,2025-06-16T14:18:40+00:00,All the changes happening to Glastonbury 2025 following last year’s extremely busy event,13,1024,2025-06-16T14:36:55.048534+00:00
The Tab,https://thetab.com/2025/06/16/ginny-and-georgia-predicted-season-threes-biggest-bombshell-in-the-first-ever-episode,entertainment,2025-06-16T11:29:05+00:00,Ginny and Georgia predicted season three’s biggest bombshell in the first ever episode,13,604,2025-06-16T14:36:55.462450+00:00
The Tab,https://thetab.com/2025/06/16/ginny-and-georgia-predicted-season-threes-biggest-bombshell-in-the-first-ever-episode,entertainment,2025-06-16T11:29:05+00:00,Ginny and Georgia predicted season three’s biggest bombshell in the first ever episode,13,604,2025-06-16T14:36:55.611745+00:00
The Tab,https://thetab.com/2025/06/16/all-the-awkward-details-of-sam-thompson-and-louis-tomlinsons-soccer-aid-meet-without-zara,entertainment,2025-06-16T11:24:39+00:00,All the awkward details of Sam Thompson and Louis Tomlinson’s Soccer Aid meet without Zara,15,835,2025-06-16T14:36:55.763552+00:00
The Tab,https://thetab.com/2025/06/16/all-the-awkward-details-of-sam-thompson-and-louis-tomlinsons-soccer-aid-meet-without-zara,entertainment,2025-06-16T11:24:39+00:00,All the awkward details of Sam Thompson and Louis Tomlinson’s Soccer Aid meet without Zara,15,835,2025-06-16T14:36:55.898665+00:00
The Tab,https://thetab.com/2025/06/16/olivia-rodrigo-to-gracie-abrams-all-the-celebs-at-the-anti-tump-no-kings-protests,entertainment,2025-06-16T10:50:07+00:00,Olivia Rodrigo to Gracie Abrams: All the celebs at the anti-Trump No Kings protests,14,657,2025-06-16T14:36:56.051837+00:00
The Tab,https://thetab.com/2025/06/16/olivia-rodrigo-to-gracie-abrams-all-the-celebs-at-the-anti-tump-no-kings-protests,entertainment,2025-06-16T10:50:07+00:00,Olivia Rodrigo to Gracie Abrams: All the celebs at the anti-Trump No Kings protests,14,657,2025-06-16T14:36:56.280934+00:00
The Tab,https://thetab.com/2025/06/16/ouzy-reveals-hair-transplant-since-love-island-and-people-are-shook-by-the-before-and-after,entertainment,2025-06-16T10:49:04+00:00,Ouzy reveals hair transplant since Love Island and people are shook by the before and after,16,647,2025-06-16T14:36:56.418771+00:00
The Tab,https://thetab.com/2025/06/16/ouzy-reveals-hair-transplant-since-love-island-and-people-are-shook-by-the-before-and-after,entertainment,2025-06-16T10:49:04+00:00,Ouzy reveals hair transplant since Love Island and people are shook by the before and after,16,647,2025-06-16T14:36:56.544771+00:00
The Tab,https://thetab.com/2025/06/13/people-think-this-drag-race-queen-gets-to-the-all-stars-10-semi-finals-because-of-this-spoiler,entertainment,2025-06-13T15:31:28+00:00,People think this Drag Race queen gets to the All Stars 10 semi finals because of this ‘spoiler’,18,631,2025-06-16T14:36:56.708556+00:00
The Tab,https://thetab.com/2025/06/13/people-think-this-drag-race-queen-gets-to-the-all-stars-10-semi-finals-because-of-this-spoiler,entertainment,2025-06-13T15:31:28+00:00,People think this Drag Race queen gets to the All Stars 10 semi finals because of this ‘spoiler’,18,631,2025-06-16T14:36:56.865473+00:00
The Tab,https://thetab.com/2025/06/13/heres-what-happened-to-the-remains-of-the-five-oceangate-titan-victims,entertainment,2025-06-13T15:22:56+00:00,Here’s what happened to the remains of the five OceanGate Titan victims,12,647,2025-06-16T14:36:56.978523+00:00
The Tab,https://thetab.com/2025/06/13/heres-what-happened-to-the-remains-of-the-five-oceangate-titan-victims,entertainment,2025-06-13T15:22:56+00:00,Here’s what happened to the remains of the five OceanGate Titan victims,12,647,2025-06-16T14:36:57.167484+00:00
The Tab,https://thetab.com/2025/06/13/everyones-desperate-to-know-so-this-is-the-notorious-sex-shop-love-islands-blus-mum-owns,entertainment,2025-06-13T14:55:58+00:00,"Everyone’s desperate to know, so this is the notorious sex shop Love Island’s Blu’s mum owns",16,582,2025-06-16T14:36:57.424236+00:00
The Tab,https://thetab.com/2025/06/13/everyones-desperate-to-know-so-this-is-the-notorious-sex-shop-love-islands-blus-mum-owns,entertainment,2025-06-13T14:55:58+00:00,"Everyone’s desperate to know, so this is the notorious sex shop Love Island’s Blu’s mum owns",16,582,2025-06-16T14:36:57.579230+00:00
The Tab,https://thetab.com/2025/06/16/onlyfanss-lily-phillips-shares-behind-the-scenes-details-of-her-gross-fluid-bank-challenge,trends,2025-06-16T11:58:01+00:00,OnlyFans’s Lily Phillips shares behind-the-scenes details of her gross ‘fluid bank’ challenge,12,733,2025-06-16T14:36:57.867403+00:00
The Tab,https://thetab.com/2025/06/16/onlyfanss-lily-phillips-shares-behind-the-scenes-details-of-her-gross-fluid-bank-challenge,trends,2025-06-16T11:58:01+00:00,OnlyFans’s Lily Phillips shares behind-the-scenes details of her gross ‘fluid bank’ challenge,12,733,2025-06-16T14:36:57.983759+00:00
The Tab,https://thetab.com/2025/06/16/heres-what-happens-next-after-tattle-lifes-founder-was-named-and-assets-frozen,trends,2025-06-16T11:17:36+00:00,Here’s what happens next after Tattle Life’s founder was named and assets frozen,13,760,2025-06-16T14:36:58.148819+00:00
The Tab,https://thetab.com/2025/06/16/heres-what-happens-next-after-tattle-lifes-founder-was-named-and-assets-frozen,trends,2025-06-16T11:17:36+00:00,Here’s what happens next after Tattle Life’s founder was named and assets frozen,13,760,2025-06-16T14:36:58.269046+00:00
The Tab,https://thetab.com/2025/06/13/heres-what-the-taken-by-police-tiktok-trend-actually-is-and-how-to-do-it-yourself,trends,2025-06-13T15:43:15+00:00,Here’s what the taken by police TikTok trend actually is – and how to do it yourself,17,961,2025-06-16T14:36:58.456018+00:00
The Tab,https://thetab.com/2025/06/13/heres-what-the-taken-by-police-tiktok-trend-actually-is-and-how-to-do-it-yourself,trends,2025-06-13T15:43:15+00:00,Here’s what the taken by police TikTok trend actually is – and how to do it yourself,17,961,2025-06-16T14:36:58.678844+00:00
The Tab,https://thetab.com/2025/06/13/from-turquoise-waters-to-stunning-sunsets-why-everyones-going-to-albania-this-summer,trends,2025-06-13T13:21:12+00:00,From turquoise waters to stunning sunsets: Why everyone’s going to Albania this summer,13,843,2025-06-16T14:36:58.942780+00:00
The Tab,https://thetab.com/2025/06/13/from-turquoise-waters-to-stunning-sunsets-why-everyones-going-to-albania-this-summer,trends,2025-06-13T13:21:12+00:00,From turquoise waters to stunning sunsets: Why everyone’s going to Albania this summer,13,843,2025-06-16T14:36:59.058572+00:00
The Tab,https://thetab.com/2025/06/13/one-year-of-hawk-tuah-everything-that-went-down-with-hailey-welch-returning-to-the-internet,trends,2025-06-13T11:28:37+00:00,One year of Hawk Tuah: Everything that went down with Hailey Welch returning to the internet,16,879,2025-06-16T14:36:59.205056+00:00
The Tab,https://thetab.com/2025/06/13/one-year-of-hawk-tuah-everything-that-went-down-with-hailey-welch-returning-to-the-internet,trends,2025-06-13T11:28:37+00:00,One year of Hawk Tuah: Everything that went down with Hailey Welch returning to the internet,16,879,2025-06-16T14:36:59.324706+00:00
The Tab,https://thetab.com/2025/06/13/how-to-pull-off-instagrams-controversial-new-feature-that-lets-you-rearrange-your-grid,trends,2025-06-13T10:53:36+00:00,How to pull off Instagram’s controversial new feature that lets you rearrange your grid,14,679,2025-06-16T14:36:59.526351+00:00
The Tab,https://thetab.com/2025/06/13/how-to-pull-off-instagrams-controversial-new-feature-that-lets-you-rearrange-your-grid,trends,2025-06-13T10:53:36+00:00,How to pull off Instagram’s controversial new feature that lets you rearrange your grid,14,679,2025-06-16T14:36:59.659918+00:00
The Tab,https://thetab.com/2025/06/13/heres-how-to-do-the-new-instagram-feature-that-links-what-youre-listening-to-on-spotify,trends,2025-06-13T10:21:26+00:00,Here’s how to do the new Instagram feature that links what you’re listening to on Spotify,16,587,2025-06-16T14:36:59.785472+00:00
The Tab,https://thetab.com/2025/06/13/heres-how-to-do-the-new-instagram-feature-that-links-what-youre-listening-to-on-spotify,trends,2025-06-13T10:21:26+00:00,Here’s how to do the new Instagram feature that links what you’re listening to on Spotify,16,587,2025-06-16T14:36:59.968549+00:00
The Tab,https://thetab.com/2025/06/13/so-these-are-the-worlds-safest-and-least-safe-airlines-for-2025-according-to-aviation-experts,trends,2025-06-13T10:20:43+00:00,"So, these are the world’s safest and least safe airlines for 2025, according to aviation experts",16,870,2025-06-16T14:37:00.091684+00:00
The Tab,https://thetab.com/2025/06/13/so-these-are-the-worlds-safest-and-least-safe-airlines-for-2025-according-to-aviation-experts,trends,2025-06-13T10:20:43+00:00,"So, these are the world’s safest and least safe airlines for 2025, according to aviation experts",16,870,2025-06-16T14:37:00.260789+00:00
The Tab,https://thetab.com/2025/05/07/comparing-all-the-newly-confirmed-gta-vi-cities-to-the-real-florida-locations-theyre-based-on,gaming,2025-05-07T15:59:13+00:00,Comparing all the newly confirmed GTA VI cities to the real Florida locations they’re based on,16,978,2025-06-16T14:37:01.235778+00:00
The Tab,https://thetab.com/2025/05/07/comparing-all-the-newly-confirmed-gta-vi-cities-to-the-real-florida-locations-theyre-based-on,gaming,2025-05-07T15:59:13+00:00,Comparing all the newly confirmed GTA VI cities to the real Florida locations they’re based on,16,978,2025-06-16T14:37:01.360788+00:00
The Tab,https://thetab.com/2025/05/07/seven-juicy-hidden-details-you-definitely-missed-in-the-gta-vi-trailer-two,gaming,2025-05-07T13:07:46+00:00,Seven juicy hidden details you definitely missed in the GTA VI trailer two,13,736,2025-06-16T14:37:02.252949+00:00
The Tab,https://thetab.com/2025/05/07/seven-juicy-hidden-details-you-definitely-missed-in-the-gta-vi-trailer-two,gaming,2025-05-07T13:07:46+00:00,Seven juicy hidden details you definitely missed in the GTA VI trailer two,13,736,2025-06-16T14:37:02.404610+00:00
The Tab,https://thetab.com/2025/05/01/ranking-all-the-recent-video-game-adaptations-by-their-chaotic-scores-on-rotten-tomatoes,gaming,2025-05-01T15:53:13+00:00,Ranking all the recent video game adaptations by their chaotic scores on Rotten Tomatoes,14,1177,2025-06-16T14:37:03.179333+00:00
The Tab,https://thetab.com/2025/05/01/ranking-all-the-recent-video-game-adaptations-by-their-chaotic-scores-on-rotten-tomatoes,gaming,2025-05-01T15:53:13+00:00,Ranking all the recent video game adaptations by their chaotic scores on Rotten Tomatoes,14,1177,2025-06-16T14:37:03.321974+00:00
The Tab,https://thetab.com/2025/04/10/a-notorious-racist-meme-is-being-used-in-assassins-creed-shadows-gameplay-and-it-needs-to-stop,gaming,2025-04-10T10:11:51+00:00,A notorious racist meme is being used in Assassin’s Creed Shadows gameplay and it needs to stop,17,875,2025-06-16T14:37:04.018088+00:00
The Tab,https://thetab.com/2025/04/10/a-notorious-racist-meme-is-being-used-in-assassins-creed-shadows-gameplay-and-it-needs-to-stop,gaming,2025-04-10T10:11:51+00:00,A notorious racist meme is being used in Assassin’s Creed Shadows gameplay and it needs to stop,17,875,2025-06-16T14:37:04.128685+00:00
The Tab,https://thetab.com/2025/04/04/a-comprehensive-look-at-the-insane-number-of-mario-kart-world-characters-in-the-game-so-far,gaming,2025-04-04T15:24:46+00:00,A comprehensive look at the insane number of Mario Kart World characters in game so far,16,645,2025-06-16T14:37:05.002821+00:00
The Tab,https://thetab.com/2025/04/04/a-comprehensive-look-at-the-insane-number-of-mario-kart-world-characters-in-the-game-so-far,gaming,2025-04-04T15:24:46+00:00,A comprehensive look at the insane number of Mario Kart World characters in game so far,16,645,2025-06-16T14:37:05.138852+00:00
The Tab,https://thetab.com/2025/04/04/pauline-botched-rosalina-skint-the-mario-kart-girlies-have-gone-viral-and-and-caused-chaos,gaming,2025-04-04T11:18:28+00:00,"Pauline ‘botched’, Rosalina skint: The Mario Kart girlies have gone viral and and caused chaos",15,717,2025-06-16T14:37:05.388749+00:00
The Tab,https://thetab.com/2025/04/04/pauline-botched-rosalina-skint-the-mario-kart-girlies-have-gone-viral-and-and-caused-chaos,gaming,2025-04-04T11:18:28+00:00,"Pauline ‘botched’, Rosalina skint: The Mario Kart girlies have gone viral and and caused chaos",15,717,2025-06-16T14:37:05.532283+00:00
The Tab,https://thetab.com/2025/04/02/heres-everything-you-need-to-know-about-the-last-of-us-ps5-special-edition-right-now,gaming,2025-04-02T14:36:52+00:00,Here’s everything you need to know about The Last of Us PS5 special edition right now,16,624,2025-06-16T14:37:06.255207+00:00
The Tab,https://thetab.com/2025/04/02/heres-everything-you-need-to-know-about-the-last-of-us-ps5-special-edition-right-now,gaming,2025-04-02T14:36:52+00:00,Here’s everything you need to know about The Last of Us PS5 special edition right now,16,624,2025-06-16T14:37:06.408882+00:00
The Tab,https://thetab.com/2025/03/27/the-next-season-of-fortnite-is-35-days-long-here-are-all-the-rumours-and-leaks-to-explain-why,gaming,2025-03-27T10:32:00+00:00,The next season of Fortnite is 35 days long!? Here are all the rumours and leaks to explain why,19,852,2025-06-16T14:37:06.618727+00:00
The Tab,https://thetab.com/2025/03/27/the-next-season-of-fortnite-is-35-days-long-here-are-all-the-rumours-and-leaks-to-explain-why,gaming,2025-03-27T10:32:00+00:00,The next season of Fortnite is 35 days long!? Here are all the rumours and leaks to explain why,19,852,2025-06-16T14:37:06.798208+00:00
The Tab,https://thetab.com/2025/05/26/macron-responds-to-that-video-with-brigitte-but-a-body-language-expert-has-another-version,politics,2025-05-26T15:18:35+00:00,"Macron responds to *that* video with Brigitte, but a body language expert has another version",15,803,2025-06-16T14:37:07.651335+00:00
The Tab,https://thetab.com/2025/05/26/macron-responds-to-that-video-with-brigitte-but-a-body-language-expert-has-another-version,politics,2025-05-26T15:18:35+00:00,"Macron responds to *that* video with Brigitte, but a body language expert has another version",15,803,2025-06-16T14:37:07.808787+00:00
The Tab,https://thetab.com/2025/05/19/doctor-reveals-what-bidens-cancer-diagnosis-means-and-if-its-likely-to-be-curable,politics,2025-05-19T10:39:06+00:00,"Doctor reveals what Biden’s cancer diagnosis means, and if it’s likely to be curable",14,629,2025-06-16T14:37:08.572210+00:00
The Tab,https://thetab.com/2025/05/19/doctor-reveals-what-bidens-cancer-diagnosis-means-and-if-its-likely-to-be-curable,politics,2025-05-19T10:39:06+00:00,"Doctor reveals what Biden’s cancer diagnosis means, and if it’s likely to be curable",14,629,2025-06-16T14:37:08.701916+00:00
The Tab,https://thetab.com/2025/05/13/donald-trump-goes-viral-for-unhinged-ramblings-about-ozempic-and-seriously-overweight-friend,politics,2025-05-13T11:52:45+00:00,Donald Trump goes viral for unhinged ramblings about Ozempic and ‘seriously overweight’ friend,13,769,2025-06-16T14:37:09.418956+00:00
The Tab,https://thetab.com/2025/05/13/donald-trump-goes-viral-for-unhinged-ramblings-about-ozempic-and-seriously-overweight-friend,politics,2025-05-13T11:52:45+00:00,Donald Trump goes viral for unhinged ramblings about Ozempic and ‘seriously overweight’ friend,13,769,2025-06-16T14:37:09.599756+00:00
The Tab,https://thetab.com/2025/05/02/hold-on-why-is-the-us-trying-to-ban-furries-because-of-a-debunked-conspiracy-theory,politics,2025-05-02T10:51:55+00:00,"Hold on, why is the US trying to ban Furries because of a debunked conspiracy theory?",16,868,2025-06-16T14:37:10.288529+00:00
The Tab,https://thetab.com/2025/05/02/hold-on-why-is-the-us-trying-to-ban-furries-because-of-a-debunked-conspiracy-theory,politics,2025-05-02T10:51:55+00:00,"Hold on, why is the US trying to ban Furries because of a debunked conspiracy theory?",16,868,2025-06-16T14:37:10.465222+00:00
The Tab,https://thetab.com/2025/04/03/donald-trump-warns-uk-about-retaliating-against-tariffs-with-spine-chilling-six-word-threat,politics,2025-04-03T10:39:34+00:00,Donald Trump warns UK about retaliating against tariffs with spine chilling six-word threat,13,793,2025-06-16T14:37:11.158917+00:00
The Tab,https://thetab.com/2025/04/03/donald-trump-warns-uk-about-retaliating-against-tariffs-with-spine-chilling-six-word-threat,politics,2025-04-03T10:39:34+00:00,Donald Trump warns UK about retaliating against tariffs with spine chilling six-word threat,13,793,2025-06-16T14:37:11.429121+00:00
The Tab,https://thetab.com/2025/03/24/donald-trump-is-raging-over-a-very-accurate-portrait-of-him-and-you-need-to-see-it,politics,2025-03-24T11:56:28+00:00,Donald Trump is raging over a very accurate portrait of him and you need to see it,17,637,2025-06-16T14:37:12.158616+00:00
The Tab,https://thetab.com/2025/03/24/donald-trump-is-raging-over-a-very-accurate-portrait-of-him-and-you-need-to-see-it,politics,2025-03-24T11:56:28+00:00,Donald Trump is raging over a very accurate portrait of him and you need to see it,17,637,2025-06-16T14:37:12.367229+00:00
The Tab,https://thetab.com/2025/03/12/this-is-what-was-written-on-trumps-notes-at-the-tesla-event-and-its-actually-hilarious,politics,2025-03-12T16:21:22+00:00,This is what was written on Trump’s notes at the Tesla event and it’s actually hilarious,16,692,2025-06-16T14:37:13.280425+00:00
The Tab,https://thetab.com/2025/03/12/this-is-what-was-written-on-trumps-notes-at-the-tesla-event-and-its-actually-hilarious,politics,2025-03-12T16:21:22+00:00,This is what was written on Trump’s notes at the Tesla event and it’s actually hilarious,16,692,2025-06-16T14:37:13.439727+00:00
The Tab,https://thetab.com/2025/02/26/ok-heres-what-is-actually-going-on-with-that-weird-looking-bruise-on-donald-trumps-hand,politics,2025-02-26T16:33:22+00:00,"Ok, here’s what is actually going on with that weird looking bruise on Donald Trump’s hand",16,618,2025-06-16T14:37:14.098657+00:00
The Tab,https://thetab.com/2025/02/26/ok-heres-what-is-actually-going-on-with-that-weird-looking-bruise-on-donald-trumps-hand,politics,2025-02-26T16:33:22+00:00,"Ok, here’s what is actually going on with that weird looking bruise on Donald Trump’s hand",16,618,2025-06-16T14:37:14.268994+00:00
The Tab,https://thetab.com/2025/05/09/its-not-my-fault-youre-poor-how-classism-fuels-the-uni-of-leeds-vs-beckett-rivalry,opinion,2025-05-09T14:22:43+00:00,‘It’s not my fault you’re poor’: How classism fuels the Uni of Leeds vs Beckett rivalry,16,1721,2025-06-16T14:37:15.121620+00:00
The Tab,https://thetab.com/2025/05/09/its-not-my-fault-youre-poor-how-classism-fuels-the-uni-of-leeds-vs-beckett-rivalry,opinion,2025-05-09T14:22:43+00:00,‘It’s not my fault you’re poor’: How classism fuels the Uni of Leeds vs Beckett rivalry,16,1721,2025-06-16T14:37:15.370556+00:00
The Tab,https://thetab.com/2024/10/12/rare-illness-and-durham-two-contrasting-freshers-weeks-and-how-i-recovered,opinion,2024-10-12T16:37:10+00:00,Rare illness and Durham: Two contrasting Freshers’ Weeks and how I recovered,12,1158,2025-06-16T14:37:16.197389+00:00
The Tab,https://thetab.com/2024/10/12/rare-illness-and-durham-two-contrasting-freshers-weeks-and-how-i-recovered,opinion,2024-10-12T16:37:10+00:00,Rare illness and Durham: Two contrasting Freshers’ Weeks and how I recovered,12,1158,2025-06-16T14:37:16.330013+00:00
The Tab,https://thetab.com/2024/09/10/cheers-for-the-email-but-what-else-disappointment-with-uni-response-after-riots-in-bristol,opinion,2024-09-10T09:37:39+00:00,Bristol Uni’s response to far-right riots was hollow: Students deserve more than an email,14,1313,2025-06-16T14:37:16.951748+00:00
The Tab,https://thetab.com/2024/09/10/cheers-for-the-email-but-what-else-disappointment-with-uni-response-after-riots-in-bristol,opinion,2024-09-10T09:37:39+00:00,Bristol Uni’s response to far-right riots was hollow: Students deserve more than an email,14,1313,2025-06-16T14:37:17.097248+00:00
The Tab,https://thetab.com/2024/04/02/opinion-can-you-still-enjoy-university-without-participating-in-the-drinking-culture,opinion,2024-04-02T15:19:54+00:00,Opinion: You can still enjoy Bristol University without participating in drinking culture,12,1094,2025-06-16T14:37:17.975154+00:00
The Tab,https://thetab.com/2024/04/02/opinion-can-you-still-enjoy-university-without-participating-in-the-drinking-culture,opinion,2024-04-02T15:19:54+00:00,Opinion: You can still enjoy Bristol University without participating in drinking culture,12,1094,2025-06-16T14:37:18.105340+00:00
The Tab,https://thetab.com/2024/03/08/international-womens-day-2024-quotes,opinion,2024-03-08T13:33:05+00:00,"Let’s admit it, International Women’s Day has never felt more pointless",11,1015,2025-06-16T14:37:18.903049+00:00
The Tab,https://thetab.com/2024/03/08/international-womens-day-2024-quotes,opinion,2024-03-08T13:33:05+00:00,"Let’s admit it, International Women’s Day has never felt more pointless",11,1015,2025-06-16T14:37:19.025168+00:00
The Tab,https://thetab.com/2024/01/10/stanley-cup-limited-edition-popular,opinion,2024-01-10T17:17:15+00:00,"Sorry, but Stanley Cups are criminally ugly",7,896,2025-06-16T14:37:20.098604+00:00
The Tab,https://thetab.com/2024/01/10/stanley-cup-limited-edition-popular,opinion,2024-01-10T17:17:15+00:00,"Sorry, but Stanley Cups are criminally ugly",7,896,2025-06-16T14:37:20.423355+00:00
The Tab,https://thetab.com/2023/11/09/mean-girls-movie-trailer-cast,opinion,2023-11-09T12:24:34+00:00,"Sorry, you can already tell the new Mean Girls musical film is a big fat flop",16,621,2025-06-16T14:37:21.125034+00:00
The Tab,https://thetab.com/2023/11/09/mean-girls-movie-trailer-cast,opinion,2023-11-09T12:24:34+00:00,"Sorry, you can already tell the new Mean Girls musical film is a big fat flop",16,621,2025-06-16T14:37:21.256034+00:00
The Tab,https://thetab.com/2023/10/25/sorry-but-pumpkin-patches-are-not-only-basic-theyre-the-biggest-scam-going,opinion,2023-10-25T16:52:11+00:00,"Sorry but Pumpkin patches are not only basic, they’re the biggest scam going",13,858,2025-06-16T14:37:22.078952+00:00
The Tab,https://thetab.com/2023/10/25/sorry-but-pumpkin-patches-are-not-only-basic-theyre-the-biggest-scam-going,opinion,2023-10-25T16:52:11+00:00,"Sorry but Pumpkin patches are not only basic, they’re the biggest scam going",13,858,2025-06-16T14:37:22.218597+00:00
The Tab,https://thetab.com/2025/06/13/bristol-is-defo-vegan-banana-bread-but-heres-every-blank-street-item-as-a-russell-group-uni,guides,2025-06-13T14:21:17+00:00,"Bristol is defo vegan banana bread, but here’s every Blank Street item as a Russell Group uni",17,1346,2025-06-16T14:37:22.634461+00:00
The Tab,https://thetab.com/2025/06/13/bristol-is-defo-vegan-banana-bread-but-heres-every-blank-street-item-as-a-russell-group-uni,guides,2025-06-13T14:21:17+00:00,"Bristol is defo vegan banana bread, but here’s every Blank Street item as a Russell Group uni",17,1346,2025-06-16T14:37:22.827033+00:00
The Tab,https://thetab.com/2025/06/13/here-are-the-31-things-youre-bound-to-experience-when-moving-out-of-your-university-halls,guides,2025-06-13T10:49:48+00:00,Here are the 31 things you’re bound to experience when moving out of your university halls,16,930,2025-06-16T14:37:22.961417+00:00
The Tab,https://thetab.com/2025/06/13/here-are-the-31-things-youre-bound-to-experience-when-moving-out-of-your-university-halls,guides,2025-06-13T10:49:48+00:00,Here are the 31 things you’re bound to experience when moving out of your university halls,16,930,2025-06-16T14:37:23.110683+00:00
The Tab,https://thetab.com/2025/06/11/just-32-pieces-of-unhinged-landlord-propaganda-students-are-categorically-not-falling-for,guides,2025-06-11T15:59:10+00:00,Just 32 pieces of unhinged landlord propaganda students are categorically not falling for,13,995,2025-06-16T14:37:23.341379+00:00
The Tab,https://thetab.com/2025/06/11/just-32-pieces-of-unhinged-landlord-propaganda-students-are-categorically-not-falling-for,guides,2025-06-11T15:59:10+00:00,Just 32 pieces of unhinged landlord propaganda students are categorically not falling for,13,995,2025-06-16T14:37:23.473609+00:00
The Tab,https://thetab.com/2025/06/11/heres-how-to-avoid-getting-blood-clots-on-long-flights-if-youre-on-the-contraceptive-pill,guides,2025-06-11T14:39:34+00:00,Here’s how to avoid getting blood clots on long flights if you’re on the contraceptive pill,16,617,2025-06-16T14:37:23.739640+00:00
The Tab,https://thetab.com/2025/06/11/heres-how-to-avoid-getting-blood-clots-on-long-flights-if-youre-on-the-contraceptive-pill,guides,2025-06-11T14:39:34+00:00,Here’s how to avoid getting blood clots on long flights if you’re on the contraceptive pill,16,617,2025-06-16T14:37:23.881371+00:00
The Tab,https://thetab.com/2025/06/11/looking-for-love-these-are-the-best-hinge-pickup-lines-for-gen-z-according-to-chat-gpt,guides,2025-06-11T13:52:26+00:00,"Looking for love? These are the best Hinge pickup lines for Gen Z, according to Chat GPT",17,894,2025-06-16T14:37:24.561924+00:00
The Tab,https://thetab.com/2025/06/11/looking-for-love-these-are-the-best-hinge-pickup-lines-for-gen-z-according-to-chat-gpt,guides,2025-06-11T13:52:26+00:00,"Looking for love? These are the best Hinge pickup lines for Gen Z, according to Chat GPT",17,894,2025-06-16T14:37:24.687605+00:00
The Tab,https://thetab.com/2025/06/10/pret-a-manger-uni-guide-russell-groups-ranked-by-number-of-prets-within-a-mile-of-campus,guides,2025-06-10T16:58:51+00:00,Pret A Manger Uni Guide: Russell Groups ranked by number of Prets within a mile of campus,17,1254,2025-06-16T14:37:25.022049+00:00
The Tab,https://thetab.com/2025/06/10/pret-a-manger-uni-guide-russell-groups-ranked-by-number-of-prets-within-a-mile-of-campus,guides,2025-06-10T16:58:51+00:00,Pret A Manger Uni Guide: Russell Groups ranked by number of Prets within a mile of campus,17,1254,2025-06-16T14:37:25.159670+00:00
The Tab,https://thetab.com/2025/06/09/no-ifs-or-buts-heres-which-meal-deal-each-of-the-iconic-pop-girlies-would-be,guides,2025-06-09T14:46:37+00:00,"No ifs or buts, here’s which meal deal each of the iconic pop girlies would be",16,1179,2025-06-16T14:37:25.868848+00:00
The Tab,https://thetab.com/2025/06/09/no-ifs-or-buts-heres-which-meal-deal-each-of-the-iconic-pop-girlies-would-be,guides,2025-06-09T14:46:37+00:00,"No ifs or buts, here’s which meal deal each of the iconic pop girlies would be",16,1179,2025-06-16T14:37:26.016657+00:00
The Tab,https://thetab.com/2025/06/04/these-incredibly-wholesome-tiktokers-make-the-chronic-screen-time-feel-totally-worth-it,guides,2025-06-04T11:41:36+00:00,These incredibly wholesome TikTokers make the chronic screen time feel totally worth it,13,1313,2025-06-16T14:37:26.841930+00:00
The Tab,https://thetab.com/2025/06/04/these-incredibly-wholesome-tiktokers-make-the-chronic-screen-time-feel-totally-worth-it,guides,2025-06-04T11:41:36+00:00,These incredibly wholesome TikTokers make the chronic screen time feel totally worth it,13,1313,2025-06-16T14:37:26.962008+00:00
